0,2024,0,0.534355,0.45632,0.412573
0,2024,0.0583992,0.00903866,0.491599,0.173377
0,2024,0.0794048,0.539114,0.9502,0.192325
0,2024,0.100071,0.503659,0.968787,0.757408
0,2024,0.129583,0.984587,0.293998,0.304217
0,2024,0.149129,0.57348,0.579724,0.36417
0,2024,0.149626,0.830862,0.586704,0.461467
0,2024,0.150457,0.700978,0.0180887,0.0110268
0,2024,0.151,0.737793,0.901837,0.940972
0,2024,0.151452,0.81674,0.338887,0.751416
0,2024,0.151759,0.257783,0.115263,0.981781
0,2024,0.152431,0.450358,0.0960913,0.484715
0,2024,0.153009,0.44533,0.485986,0.718502
0,2024,0.15306,0.940865,0.531049,0.307312
0,2024,0.153314,0.268629,0.304595,0.11146
0,2024,0.153456,0.44618,0.143037,0.170212
0,2024,0.153619,0.803051,0.395944,0.694021
0,2024,0.154914,0.577617,0.66559,0.29482
0,2024,0.155619,0.130645,0.256565,0.303881
0,2024,0.156279,0.655288,0.620823,0.357712
0,2024,0.156541,0.761676,0.627425,0.924292
0,2024,0.157983,0.421214,0.418738,0.24949
0,2024,0.158073,0.653872,0.181957,0.331874
0,2024,0.158259,0.897747,0.510605,0.226566
0,2024,0.158551,0.81013,0.0865673,0.953043
0,2024,0.158832,0.566144,0.0122874,0.379317
0,2024,0.158887,0.618492,0.140952,0.700408
0,2024,0.158906,0.57296,0.0994222,0.857972
0,2024,0.159275,0.379041,0.587179,0.305089
0,2024,0.159409,0.888138,0.342876,0.117384
0,2024,0.159947,0.0772432,0.284906,0.557993
0,2024,0.16023,0.0778909,0.600867,0.388879
0,2024,0.160706,0.895434,0.461051,0.823513
0,2024,0.160854,0.888832,0.279311,0.162738
0,2024,0.16092,0.549102,0.0462252,0.0547787
0,2024,0.161241,0.479292,0.242062,0.190756
0,2024,0.162356,0.473422,0.502282,0.963288
0,2024,0.163436,0.845481,0.182579,0.133953
0,2024,0.1651,0.720377,0.317075,0.23454
0,2024,0.166518,0.387493,0.0674277,0.389915
0,2024,0.166621,0.689486,0.6235,0.77578
0,2024,0.166697,0.686559,0.437512,0.487028
0,2024,0.167788,0.015852,0.543374,0.49564
0,2024,0.168351,0.00636615,0.320265,0.103386
0,2024,0.169037,0.400937,0.227706,0.879474
0,2024,0.169061,0.000182553,0.628005,0.0301296
0,2024,0.169288,0.763923,0.650314,0.229447
0,2024,0.169928,0.112143,0.192035,0.389127
0,2024,0.170894,0.352146,0.296728,0.855745
0,2024,0.172363,0.731113,0.422881,0.146802
0,2024,0.172648,0.691937,0.20541,0.348633
0,2024,0.173019,0.618311,0.0377076,0.983828
0,2024,0.173288,0.827233,0.485781,0.668222
0,2024,0.173453,0.551228,0.111455,0.207004
0,2024,0.173778,0.856096,0.474514,0.389667
0,2024,0.174463,0.317624,0.714514,0.984043
0,2024,0.174596,0.562344,0.692911,0.984401
0,2024,0.174877,0.846568,0.284822,0.24964
0,2024,0.175541,0.4671,0.300748,0.273273
0,2024,0.175622,0.0125072,0.515588,0.89805
0,2024,0.176633,0.958644,0.375201,0.60743
0,2024,0.176717,0.807765,0.664251,0.409473
0,2024,0.176968,0.350404,0.433071,0.387659
0,2024,0.177156,0.61147,0.675319,0.411209
0,2024,0.177523,0.871282,0.67887,0.105692
0,2024,0.177618,0.248235,0.63753,0.188747
0,2024,0.178597,0.826704,0.0350828,0.613482
0,2024,0.178666,0.651346,0.240756,0.279245
0,2024,0.17966,0.5708,0.682616,0.896504
0,2024,0.18035,0.358608,0.302825,0.902638
0,2024,0.180737,0.384139,0.523681,0.967134
0,2024,0.18221,0.199529,0.556279,0.00804364
0,2024,0.182837,0.145806,0.363539,0.138091
0,2024,0.183579,0.613803,0.382976,0.650421
0,2024,0.184107,0.502658,0.246762,0.771912
0,2024,0.184731,0.563934,0.497673,0.533859
0,2024,0.184846,0.685941,0.50051,0.431487
0,2024,0.185315,0.077763,0.294185,0.0415548
0,2024,0.185603,0.384128,0.587607,0.106108
0,2024,0.1866,0.755594,0.502575,0.125772
0,2024,0.188589,0.522617,0.0736044,0.992048
0,2024,0.189012,0.21129,0.446274,0.961987
0,2024,0.189947,0.241924,0.599956,0.0351414
0,2024,0.190167,0.933887,0.233754,0.153098
0,2024,0.190217,0.451414,0.211298,0.161154
0,2024,0.190324,0.401195,0.136302,0.221237
0,2024,0.190871,0.162347,0.506056,0.244071
0,2024,0.191061,0.330408,0.163647,0.729804
0,2024,0.191209,0.405506,0.292127,0.276153
0,2024,0.191253,0.467735,0.228735,0.156758
0,2024,0.191598,0.828137,0.23028,0.611546
0,2024,0.191716,0.793023,0.0349113,0.599546
0,2024,0.192536,0.594714,0.49518,0.765486
0,2024,0.19356,0.521152,0.675164,0.834066
0,2024,0.194554,0.69296,0.370312,0.331958
0,2024,0.194737,0.778557,0.479567,0.113191
0,2024,0.194752,0.353294,0.00788577,0.537716
0,2024,0.195159,0.526808,0.417507,0.342983
0,2024,0.195885,0.772124,0.145027,0.222356
0,2024,0.196408,0.964805,0.271017,0.500103
0,2024,0.196668,0.768218,0.0682187,0.221719
0,2024,0.196699,0.120984,0.0355359,0.371008
0,2024,0.198504,0.409767,0.324364,0.916587
0,2024,0.198685,0.0128844,0.574154,0.561904
0,2024,0.199211,0.39722,0.155396,0.440111
0,2024,0.199385,0.911105,0.645681,0.60812
0,2024,0.19941,0.768668,0.401367,0.0364704
0,2024,0.200654,0.416441,0.173996,0.389716
0,2024,0.201179,0.825968,0.079625,0.595347
0,2024,0.201203,0.24267,0.469045,0.876175
0,2024,0.201846,0.796902,0.0585002,0.298094
0,2024,0.201892,0.948471,0.698047,0.217314
0,2024,0.202243,0.746579,0.099328,0.561029
0,2024,0.202833,0.160591,0.216488,0.596936
0,2024,0.203055,0.0209119,0.223678,0.180734
0,2024,0.203567,0.643617,0.572881,0.0577862
0,2024,0.204671,0.211912,0.648319,0.226896
0,2024,0.205241,0.313062,0.692613,0.927329
0,2024,0.205584,0.30342,0.571753,0.180497
0,2024,0.206256,0.146264,0.0345956,0.656809
0,2024,0.20722,0.227349,0.306399,0.884771
0,2024,0.207947,0.936385,0.666507,0.770954
0,2024,0.208349,0.0859374,0.10774,0.960048
0,2024,0.208457,0.160366,0.633205,0.722785
0,2024,0.208457,0.421849,0.44472,0.191809
0,2024,0.210028,0.809692,0.123237,0.805556
0,2024,0.211261,0.782112,0.0843893,0.569841
0,2024,0.2113,0.843239,0.082421,0.264464
0,2024,0.211898,0.658566,0.653411,0.0245268
0,2024,0.212039,0.244988,0.46778,0.80612
0,2024,0.212346,0.401143,0.113816,0.0994046
0,2024,0.2124,0.316183,0.170433,0.0559371
0,2024,0.212657,0.986763,0.309656,0.449804
0,2024,0.21344,0.968535,0.330596,0.100824
0,2024,0.214514,0.610961,0.583496,0.206518
0,2024,0.21558,0.586531,0.593926,0.863153
0,2024,0.215823,0.151765,0.696907,0.0131748
0,2024,0.215903,0.149953,0.183508,0.57813
0,2024,0.216446,0.37073,0.508785,0.0753163
0,2024,0.216605,0.0833111,0.185195,0.348211
0,2024,0.216701,0.60489,0.370856,0.973446
0,2024,0.216947,0.197896,0.406141,0.394154
0,2024,0.216991,0.397664,0.0671483,0.66862
0,2024,0.217935,0.839038,0.661325,0.056629
0,2024,0.218088,0.141205,0.701289,0.0529831
0,2024,0.218284,0.255325,0.552191,0.13508
0,2024,0.219027,0.39995,0.135163,0.463288
0,2024,0.219899,0.572271,0.192739,0.782637
0,2024,0.219926,0.932386,0.388595,0.110937
0,2024,0.220061,0.088921,0.0896909,0.171042
0,2024,0.220271,0.0436879,0.0726274,0.0744002
0,2024,0.220421,0.27398,0.0338138,0.125711
0,2024,0.221197,0,0.406941,0.574293
0,2024,0.223583,0.414689,0.342011,0.680717
0,2024,0.224612,0.907985,0.5428,0.9509
0,2024,0.224991,0.607253,0.346503,0.554026
0,2024,0.225527,0.212864,0.0268758,0.933102
0,2024,0.226237,0.805532,0.694892,0.243998
0,2024,0.226416,0.0198301,0.0607154,0.040292
0,2024,0.227037,0.467306,0.291301,0.825653
0,2024,0.228269,0.742199,0.392194,0.1701
0,2024,0.228827,0.263573,0.375021,0.155569
0,2024,0.228866,0.609571,0.111147,0.33205
0,2024,0.228992,0.413623,0.360852,0.85191
0,2024,0.229312,0.101128,0.686366,0.290245
0,2024,0.229626,0.452286,0.248004,0.620137
0,2024,0.229743,0.121615,0.547988,0.168225
0,2024,0.232252,0.668373,0.513958,0.486745
0,2024,0.232253,0.43187,0.251667,0.465142
0,2024,0.233076,0.947024,0.240951,0.523639
0,2024,0.233834,0.148886,0.202648,0.882726
0,2024,0.235453,0.609155,0.126278,0.385989
0,2024,0.237234,0.667772,0.271605,0.642625
0,2024,0.2373,0.753286,0.458213,0.428245
0,2024,0.237515,0.0908812,0.414505,0.819701
0,2024,0.23765,0.227259,0.689163,0.934366
0,2024,0.237893,0.296457,0.0424743,0.777566
0,2024,0.238751,0.613858,0.370593,0.796557
0,2024,0.239346,0.63141,0.147311,0.811777
0,2024,0.239517,0.566979,0.587861,0.0633753
0,2024,0.239832,0.417885,0.635326,0.39836
0,2024,0.239933,0.584596,0.151567,0.0657976
0,2024,0.240252,0.420337,0.462607,0.0189239
0,2024,0.240253,0.865853,0.219592,0.714826
0,2024,0.240298,0.871919,0.0432933,0.509143
0,2024,0.240347,0.376831,0.193004,0.144432
0,2024,0.240422,0.498897,0.553974,0.603062
0,2024,0.240943,0.712881,0.133146,0.0832851
0,2024,0.240951,0.914337,0.264286,0.732649
0,2024,0.241025,0.900874,0.0675626,0.502772
0,2024,0.241518,0.429946,0.154805,0.277138
0,2024,0.241617,0.455891,0.172967,0.357355
0,2024,0.242405,0.457142,0.672198,0.770513
0,2024,0.242824,0.769647,0.0849602,0.969666
0,2024,0.243502,0.766966,0.458801,0.142893
0,2024,0.2457,0.544598,0.251483,0.621647
0,2024,0.245703,0.222831,0.090857,0.792562
0,2024,0.246398,0.296978,0.364742,0.0181339
0,2024,0.24645,0.940507,0.0862853,0.0359857
0,2024,0.246873,0.999896,0.153167,0.190355
0,2024,0.247256,0.0695725,0.54343,0.513356
0,2024,0.247787,0.873348,0.365415,0.354306
0,2024,0.248134,0.939772,0.59518,0.125557
0,2024,0.248213,0.695518,0.369316,0.675835
0,2024,0.248974,0.828276,0.0584247,0.341828
0,2024,0.251362,0.440088,0.674335,0.175119
0,2024,0.252725,0.835796,0.294219,0.612253
0,2024,0.253072,0.646964,0.121492,0.155005
0,2024,0.253713,0.689192,0.0789816,0.728353
0,2024,0.253918,0.191668,0.362387,0.0346538
0,2024,0.254093,0.699052,0.419568,0.455677
0,2024,0.255317,0.210561,0.258241,0.226401
0,2024,0.255329,0.458884,0.466627,0.750522
0,2024,0.2554,0.435756,0.464293,0.516987
0,2024,0.255671,0.799843,0.467176,0.0747136
0,2024,0.256142,0.361319,0.602453,0.369376
0,2024,0.256169,0.879712,0.161759,0.371608
0,2024,0.256254,0.413811,0.40758,0.352139
0,2024,0.25668,0.799688,0.221706,0.842166
0,2024,0.256857,0.22469,0.287211,0.0223031
0,2024,0.256936,0.562983,0.145936,0.351146
0,2024,0.257027,0.227777,0.544302,0.504322
0,2024,0.257107,0.221271,0.382733,0.44014
0,2024,0.257938,0.67597,0.704091,0.416423
0,2024,0.258663,0.100215,0.482933,0.127006
0,2024,0.259124,0.0978308,0.284861,0.87331
0,2024,0.260912,0.20517,0.548419,0.110611
0,2024,0.260943,0.912549,0.606771,0.0741268
0,2024,0.261167,0.221129,0.36551,0.212697
0,2024,0.261185,0.571662,0.451118,0.688757
0,2024,0.261521,0.308659,0.413289,0.508325
0,2024,0.262312,0.107048,0.556841,0.132773
0,2024,0.262855,0.748839,0.514842,0.813654
0,2024,0.26324,0.648742,0.167755,0.912876
0,2024,0.263687,0.660118,0.26363,0.85227
0,2024,0.26374,0.475724,0.381154,0.682864
0,2024,0.263793,0.104199,0.581476,0.646272
0,2024,0.263964,0.511542,0.354916,0.940208
0,2024,0.263979,0.928261,0.33016,0.137014
0,2024,0.264606,0.317767,0.658482,0.944793
0,2024,0.265282,0.811262,0.520077,0.742039
0,2024,0.265372,0.476941,0.26455,0.669724
0,2024,0.265446,0.598439,0.332553,0.163979
0,2024,0.265476,0.573239,0.674894,0.0401201
0,2024,0.265835,0.427893,0.711781,0.923015
0,2024,0.266019,0.983428,0.578961,0.963064
0,2024,0.26658,0.554893,0.195493,0.552537
0,2024,0.26735,0.212903,0.625934,0.957464
0,2024,0.267627,0.389608,0.391469,0.951273
0,2024,0.267804,0.125166,0.0187947,0.947873
0,2024,0.267932,0.889476,0.644989,0.139817
0,2024,0.268351,0.340261,0.475392,0.384218
0,2024,0.268724,0.761645,0.194538,0.418242
0,2024,0.269219,0.605892,0.444365,0.604594
0,2024,0.269906,0.433915,0.529936,0.717193
0,2024,0.271177,0.366942,0.711515,0.470211
0,2024,0.271248,0.561104,0.22428,0.374846
0,2024,0.271721,0.958954,0.0796525,0.540409
0,2024,0.271833,0.972368,0.618116,0.997673
0,2024,0.272177,0.751589,0.697836,0.504521
0,2024,0.272379,0.0504847,0.0157587,0.415583
0,2024,0.272719,0.981144,0.65539,0.881057
0,2024,0.272746,0.00540836,0.187697,0.086599
0,2024,0.274679,0.652043,0.448884,0.0959934
0,2024,0.274924,0.368167,0.565621,0.766798
0,2024,0.275364,0.280192,0.325472,0.247937
0,2024,0.276082,0.654733,0.623544,0.269214
0,2024,0.27617,0.917014,0.227697,0.776088
0,2024,0.27625,0.159876,0.710266,0.85968
0,2024,0.277193,0.112837,0.635,0.818826
0,2024,0.277194,0.441132,0.662593,0.442743
0,2024,0.277322,0.379029,0.508382,0.55498
0,2024,0.277354,0.978291,0.612552,0.802331
0,2024,0.278825,0.609894,0.493181,0.784038
0,2024,0.279316,0.532768,0.371131,0.422775
0,2024,0.279421,0.0584874,0.584856,0.933292
0,2024,0.279685,0.917423,0.373915,0.773597
0,2024,0.279871,0.36214,0.176442,0.380184
0,2024,0.279882,0.915317,0.0645062,0.72282
0,2024,0.28022,0.842194,0.187044,0.507102
0,2024,0.281812,0.778664,0.957861,0.828963
0,2024,0.281922,0.624963,0.57582,0.0688972
0,2024,0.282104,0.100557,0.476634,0.621125
0,2024,0.282841,0.878563,0.18852,0.143252
0,2024,0.282955,0.017753,0.0774103,0.0136837
0,2024,0.283411,0.254224,0.679609,0.936786
0,2024,0.284692,0.109349,0.532903,0.609943
0,2024,0.284975,0.930745,0.328583,0.0834037
0,2024,0.285174,0.524523,0.47508,0.119948
0,2024,0.285679,0.966375,0.295332,0.379584
0,2024,0.285732,0.313074,0.445786,0.400098
0,2024,0.286325,0.79897,0.085684,0.0202996
0,2024,0.286431,0.281306,0.545713,0.0263352
0,2024,0.286785,0.548242,0.111398,0.483284
0,2024,0.286861,0.171012,0.166296,0.871758
0,2024,0.286926,0.29919,0.505403,0.114269
0,2024,0.287488,0.558349,0.352748,0.929459
0,2024,0.287702,0.320569,0.00842466,0.509092
0,2024,0.288066,0.907606,0.635402,0.861198
0,2024,0.289082,0.869947,0.293348,0.855453
0,2024,0.289709,0.369609,0.774599,0.589404
0,2024,0.289783,0.959586,0.503232,0.597697
0,2024,0.291227,0.292032,0.68631,0.367103
0,2024,0.291334,0.099475,0.498804,0.631415
0,2024,0.291831,0.0245619,0.621487,0.216165
0,2024,0.292134,0.127264,0.414886,0.0970836
0,2024,0.292429,0.315173,0.0806412,0.239815
0,2024,0.292656,0.685722,0.0285132,0.340364
0,2024,0.292857,0.233497,0.570331,0.598658
0,2024,0.296063,0.350193,0.1284,0.522489
0,2024,0.296183,0.861275,0.575446,0.802891
0,2024,0.296937,0.544836,0.706249,0.323597
0,2024,0.296972,0.0135058,0.401676,0.163428
0,2024,0.297032,0.346583,0.15821,0.855968
0,2024,0.297978,0.651951,0.0661853,0.4391
0,2024,0.298259,0.312479,0.159822,0.0664117
0,2024,0.298895,0.366104,0.253755,0.381578
0,2024,0.299592,0.92524,0.675371,0.548628
0,2024,0.300188,0.866696,0.557273,0.869575
0,2024,0.3009,0.535906,0.331522,0.277923
0,2024,0.301117,0.732133,0.590307,0.498157
0,2024,0.301739,0.809082,0.423976,0.641065
0,2024,0.30186,0.349254,0.0345731,0.364507
0,2024,0.301942,0.265273,0.401679,0.767807
0,2024,0.302316,0.909582,0.254675,0.62652
0,2024,0.302777,0.32872,0.221437,0.817314
0,2024,0.304402,0.519409,0.355643,0.52395
0,2024,0.304866,0.689811,0.398983,0.00859801
0,2024,0.305001,0.302558,0.511981,0.673795
0,2024,0.307301,0.986302,0.28779,0.768136
0,2024,0.307395,0.736623,0.450497,0.90423
0,2024,0.307942,0.0511338,0.313093,0.985319
0,2024,0.309984,0.603328,0.711887,0.758351
0,2024,0.310076,0.692128,0.46959,0.68678
0,2024,0.310395,0.174224,0.371837,0.348752
0,2024,0.311742,0.966027,0.422969,0.176952
0,2024,0.311821,0.470435,0.0651107,0.537642
0,2024,0.313443,0.126275,0.480562,0.118556
0,2024,0.313543,0.590865,0.526223,0.341529
0,2024,0.313879,0.782324,0.381537,0.500559
0,2024,0.314413,0.0288999,0.248272,0.322076
0,2024,0.314911,0.941095,0.577129,0.906403
0,2024,0.315083,0.709645,0.0836552,0.470358
0,2024,0.315326,0.463805,0.460635,0.687647
0,2024,0.315727,0.213323,0.644539,0.651016
0,2024,0.31574,0.301766,0.495206,0.629504
0,2024,0.316796,0.775277,0.355801,0.0480344
0,2024,0.31728,0.0361663,0.518832,0.088576
0,2024,0.317334,0.687034,0.12178,0.693588
0,2024,0.317531,0.682709,0.0171163,0.577512
0,2024,0.317544,0.886937,0.287885,0.0304898
0,2024,0.318014,0.995149,0.398332,0.902343
0,2024,0.318549,0.424676,0.213738,0.990144
0,2024,0.318801,0.949071,0.647,0.316997
0,2024,0.319273,0.102012,0.291726,0.440304
0,2024,0.320577,0.552241,0.291386,0.241209
0,2024,0.322072,0.137519,0.849559,0.968595
0,2024,0.322112,0.151931,0.344549,0.876581
0,2024,0.322164,0.870198,0.1859,0.808031
0,2024,0.322463,0.178719,0.083875,0.278569
0,2024,0.322564,0.966944,0.128409,0.722612
0,2024,0.322678,0.245338,0.510326,0.625322
0,2024,0.32268,0.110268,0.0568701,0.806263
0,2024,0.323328,0.699528,0.104374,0.890312
0,2024,0.323515,0.549887,0.238209,0.747075
0,2024,0.324114,0.860498,0.381034,0.911968
0,2024,0.324662,0.199977,0.474739,0.0260413
0,2024,0.325458,0.96853,0.253654,0.1972
0,2024,0.325494,0.249354,0.161459,0.23747
0,2024,0.325795,0.227345,0.158985,0.217537
0,2024,0.326161,0.759536,0.0283952,0.814637
0,2024,0.326273,0.411149,0.401102,0.963874
0,2024,0.326284,0.0551986,0.049697,0.937245
0,2024,0.326395,0.0862095,0.252883,0.913784
0,2024,0.326944,0.479417,0.313179,0.617934
0,2024,0.326953,0.835699,0.605807,0.624574
0,2024,0.32722,0.194101,0.614762,0.700922
0,2024,0.327375,0.453969,0.129113,0.648272
0,2024,0.330185,0.0738804,0.693817,0.345231
0,2024,0.330806,0.785941,0.124574,0.991245
0,2024,0.330966,0.417302,0.201563,0.580214
0,2024,0.331925,0.729477,0.489968,0.480787
0,2024,0.332221,0.181035,0.209845,0.969574
0,2024,0.332501,0.39398,0.527491,0.741359
0,2024,0.333029,0.146533,0.26035,0.266341
0,2024,0.333771,0.208193,0.101617,0.341826
0,2024,0.334555,0.241122,0.158377,0.102394
0,2024,0.334589,0.503755,0.47708,0.244375
0,2024,0.335462,0.755798,0.43862,0.126909
0,2024,0.335986,0.183016,0.608591,0.980416
0,2024,0.336107,0.334191,0.109069,0.890969
0,2024,0.33628,0.843597,0.646247,0.94926
0,2024,0.336496,0.648821,0.577935,0.692557
0,2024,0.336564,0.13244,0.293825,0.826423
0,2024,0.336642,0.489579,0.134392,0.138567
0,2024,0.336972,0.773988,0.698172,0.17833
0,2024,0.337251,0.253683,0.632049,0.61009
0,2024,0.338033,0.430129,0.125219,0.353201
0,2024,0.338129,0.0194031,0.534726,0.612715
0,2024,0.338314,0.900714,0.597186,0.312381
0,2024,0.338582,0.419222,0.0716833,0.659857
0,2024,0.339165,0.386065,0.0245526,0.108689
0,2024,0.339422,0.244561,0.0286719,0.400402
0,2024,0.340389,0.291069,0.0184689,0.77144
0,2024,0.341902,0.624955,0.00128079,0.262217
0,2024,0.342353,0.941256,0.33455,0.735225
0,2024,0.342416,0.990336,0.372639,0.244452
0,2024,0.342739,0.780719,0.130393,0.451916
0,2024,0.344314,0.991036,0.314317,0.739055
0,2024,0.344456,0.71774,0.671268,0.230263
0,2024,0.344467,0.836602,0.247758,0.851327
0,2024,0.344531,0.503906,0.344173,0.619721
0,2024,0.344854,0.172559,0.533239,0.841955
0,2024,0.345295,0.0166146,0.63241,0.112436
0,2024,0.345878,0.563377,0.088091,0.19274
0,2024,0.345957,0.871178,0.252946,0.122484
0,2024,0.346073,0.213886,0.0750735,0.77925
0,2024,0.346519,0.679954,0.271971,0.375577
0,2024,0.348292,0.223612,0.249326,0.88808
0,2024,0.348631,0.214388,0.488543,0.136581
0,2024,0.348729,0.595514,0.0158565,0.035614
0,2024,0.349519,0.286613,0.0491931,0.0196517
0,2024,0.349526,0.78703,0.256871,0.373137
0,2024,0.350425,0.380149,0.537422,0.565206
0,2024,0.350954,0.718781,0.255041,0.0279764
0,2024,0.350969,0.981886,0.801931,0.00142221
0,2024,0.351028,0.454405,0.534905,0.0643038
0,2024,0.353764,0.621861,0.105478,0.221516
0,2024,0.354398,0.276156,0.186288,0.41456
0,2024,0.354796,0.825826,0.412319,0.0846857
0,2024,0.354873,0.803773,0.410865,0.0429514
0,2024,0.355024,0.668309,0.848601,0.644583
0,2024,0.35514,0.555333,0.0492416,0.459919
0,2024,0.356197,0.898623,0.213009,0.631491
0,2024,0.356623,0.476706,0.519121,0.248556
0,2024,0.356861,0.934374,0.107215,0.170933
0,2024,0.357666,0.205221,0.041388,0.991163
0,2024,0.358538,0.872988,0.664492,0.786625
0,2024,0.358925,0.402108,0.538179,0.11739
0,2024,0.359004,0.171316,0.383244,0.333639
0,2024,0.359156,0.893446,0.589169,0.959888
0,2024,0.359214,0.894422,0.0554298,0.131033
0,2024,0.359841,0.204268,0.508411,0.336754
0,2024,0.360502,0.805122,0.0856161,0.0578259
0,2024,0.361483,0.825538,0.329621,0.495853
0,2024,0.361856,0.7319,0.320236,0.948075
0,2024,0.362262,0.9233,0.0471359,0.450908
0,2024,0.362306,0.8231,0.22859,0.31839
0,2024,0.362313,0.88365,0.397442,0.282653
0,2024,0.362393,0.214586,0.585475,0.828212
0,2024,0.362535,0.269447,0.241061,0.365573
0,2024,0.36295,0.977451,0.0468283,0.0765735
0,2024,0.363021,0.686983,0.228084,0.997657
0,2024,0.364792,0.365894,0.327482,0.37905
0,2024,0.365474,0.95,0.253252,0.00187491
0,2024,0.366201,0.693896,0.439905,0.965151
0,2024,0.36667,0.427054,0.603094,0.95939
0,2024,0.368151,0.330792,0.493976,0.207057
0,2024,0.36853,0.364904,0.323402,0.877435
0,2024,0.368944,0.94771,0.249735,0.767182
0,2024,0.369595,0.932877,0.371701,0.324634
0,2024,0.369967,0.248115,0.192321,0.761176
0,2024,0.371087,0.394497,0.930974,0.795333
0,2024,0.37125,0.454384,0.349076,0.156847
0,2024,0.371718,0.979701,0.657162,0.442274
0,2024,0.371748,0.481612,0.402775,0.419221
0,2024,0.372147,0.238662,0.51887,0.6024
0,2024,0.37257,0.631907,0.379896,0.143422
0,2024,0.372854,0.88187,0.0871008,0.589916
0,2024,0.374382,0.370984,0.129362,0.277122
0,2024,0.375271,0.481559,0.687359,0.619343
0,2024,0.377027,0.407311,0.39281,0.353905
0,2024,0.378761,0.269233,0.230873,0.179193
0,2024,0.37907,0.112344,0.443457,0.595202
0,2024,0.379536,0.796166,0.476736,0.0084885
0,2024,0.380168,0.648308,0.561092,0.668109
0,2024,0.3802,0.713252,0.452032,0.769904
0,2024,0.380499,0.386967,0.248921,0.428495
0,2024,0.380646,0.448573,0.401422,0.782042
0,2024,0.380956,0.760865,0.156912,0.296958
0,2024,0.381471,0.67583,0.368828,0.0107673
0,2024,0.382977,0.49137,0.530237,0.96502
0,2024,0.383233,0.701911,0.422955,0.712976
0,2024,0.384237,0.762726,0.658086,0.338391
0,2024,0.384371,0.760789,0.0170375,0.730116
0,2024,0.385312,0.72046,0.179439,0.445168
0,2024,0.385769,0.322149,0.181528,0.388299
0,2024,0.385816,0.179462,0.256906,0.429486
0,2024,0.386424,0.359607,0.635115,0.854334
0,2024,0.386504,0.998561,0.548332,0.760521
0,2024,0.38705,0.434137,0.486635,0.580664
0,2024,0.387349,0.446508,0.179525,0.932857
0,2024,0.387895,0.44036,0.591654,0.92857
0,2024,0.388074,0.0532456,0.0228426,0.368465
0,2024,0.388542,0.166362,0.6122,0.643901
0,2024,0.388957,0.0829447,0.66012,0.352016
0,2024,0.389676,0.811896,0.450679,0.0499416
0,2024,0.390233,0.366639,0.540582,0.0904504
0,2024,0.390384,0.942106,0.43735,0.856283
0,2024,0.390437,0.0927364,0.597102,0.42144
0,2024,0.390636,0.851147,0.153655,0.418325
0,2024,0.390976,0.43175,0.585804,0.0326012
0,2024,0.391406,0.858273,0.133654,0.511658
0,2024,0.391437,0.527756,0.27874,0.585177
0,2024,0.391615,0.145969,0.0240187,0.113842
0,2024,0.391714,0.745201,0.289508,0.523936
0,2024,0.392935,0.203821,0.382388,0.871038
0,2024,0.393363,0.970453,0.0922241,0.491436
0,2024,0.395406,0.538334,0.28491,0.0881979
0,2024,0.395511,0.692472,0.603307,0.354211
0,2024,0.395956,0.239942,0.141328,0.645151
0,2024,0.396132,0.656239,0.133598,0.914968
0,2024,0.396414,0.782009,0.661771,0.534907
0,2024,0.39663,0.054009,0.155844,0.129266
0,2024,0.397145,0.722756,0.41976,0.071128
0,2024,0.397458,0.973287,0.240052,0.281695
0,2024,0.397744,0.82776,0.521456,0.781548
0,2024,0.397836,0.324241,0.672713,0.900576
0,2024,0.397943,0.658787,0.0830952,0.0473516
0,2024,0.398501,0.558869,0.530925,0.0300034
0,2024,0.39851,0.835902,0.598261,0.918886
0,2024,0.399104,0.352863,0.231428,0.0868551
0,2024,0.399552,0.814483,0.619663,0.889256
0,2024,0.399652,0.260112,0.30957,0.841437
0,2024,0.401182,0.960004,0.342284,0.328322
0,2024,0.402288,0.445119,0.298475,0.706904
0,2024,0.402704,0.108288,0.0637957,0.0820339
0,2024,0.402814,0.395949,0.673138,0.392662
0,2024,0.404076,0.677618,0.202844,0.370549
0,2024,0.404111,0.695643,0.211853,0.580797
0,2024,0.405104,0.661337,0.0469369,0.0650633
0,2024,0.405465,0.133795,0.273187,0.0393483
0,2024,0.405866,0.274255,0.664856,0.474847
0,2024,0.4059,0.301139,0.687594,0.199401
0,2024,0.406024,0.819048,0.439847,0.833644
0,2024,0.406865,0.230157,0.344323,0.638902
0,2024,0.406931,0.503591,0.24159,0.28608
0,2024,0.407207,0.939742,0.241087,0.457254
0,2024,0.407239,0.482469,0.439659,0.756356
0,2024,0.407538,0.117078,0.491018,0.10369
0,2024,0.407584,0.964433,0.0541263,0.174762
0,2024,0.408507,0.908272,0.318853,0.651392
0,2024,0.408878,0.305321,0.104784,0.433038
0,2024,0.40909,0.147835,0.0444254,0.0018371
0,2024,0.409143,0.830051,0.713815,0.853541
0,2024,0.4096,0.524517,0.668291,0.985981
0,2024,0.409793,0.811326,0.439617,0.578401
0,2024,0.410476,0.634926,0.0586691,0.472397
0,2024,0.411108,0.727313,0.691249,0.922486
0,2024,0.411713,0.942107,0.0730555,0.49445
0,2024,0.411795,0.291615,0.630622,0.408871
0,2024,0.412171,0.126827,0.294855,0.0304048
0,2024,0.412359,0.275348,0.304679,0.583431
0,2024,0.412631,0.845014,0.514143,0.0896547
0,2024,0.413017,0.721621,0.318767,0.914865
0,2024,0.413333,0.282649,0.335252,0.815122
0,2024,0.41367,0.566889,0.0910295,0.131564
0,2024,0.415081,0.523901,0.0863062,0.794777
0,2024,0.415487,0.105559,0.189238,0.662766
0,2024,0.416761,0.199244,0.0557296,0.740431
0,2024,0.417058,0.0896699,0.247686,0.677788
0,2024,0.417502,0.730517,0.0476666,0.295065
0,2024,0.417582,0.305032,0.507597,0.956677
0,2024,0.419242,0.731143,0.632561,0.0655611
0,2024,0.419393,0.159474,0.712236,0.69427
0,2024,0.419437,0.167496,0.686979,0.671862
0,2024,0.419665,0.17284,0.36658,0.81176
0,2024,0.420422,0.93885,0.137873,0.170671
0,2024,0.420583,0.978242,0.816376,0.561595
0,2024,0.421423,0.952002,0.0488451,0.557618
0,2024,0.422213,0.235566,0.63132,0.61059
0,2024,0.423853,0.704205,0.319122,0.936932
0,2024,0.42414,0.0901261,0.491758,0.493644
0,2024,0.424707,0.325384,0.322651,0.341596
0,2024,0.425691,0.762129,0.518007,0.637547
0,2024,0.425861,0.0510273,0.275069,0.989987
0,2024,0.426752,0.315309,0.254385,0.513228
0,2024,0.426827,0.94628,0.271068,0.235168
0,2024,0.426899,0.685103,0.480476,0.593759
0,2024,0.427924,0.199679,0.100502,0.613195
0,2024,0.428482,0.22025,0.15616,0.278403
0,2024,0.42881,0.350971,0.696133,0.141416
0,2024,0.429606,0.36681,0.606155,0.452055
0,2024,0.429674,0.675148,0.0698067,0.647735
0,2024,0.429757,0.813703,0.235876,0.143925
0,2024,0.430535,0.525706,0.6681,0.79083
0,2024,0.431158,0.188481,0.0505369,0.199775
0,2024,0.432021,0.600359,0.512218,0.9016
0,2024,0.432067,0.22968,0.246876,0.974982
0,2024,0.432084,0.345213,0.325938,0.373309
0,2024,0.432157,0.906518,0.181329,0.685636
0,2024,0.432249,0.677735,0.188904,0.957915
0,2024,0.43266,0.564646,0.430257,0.491761
0,2024,0.433115,0.989661,0.0976392,0.226644
0,2024,0.434746,0.203658,0.654485,0.715347
0,2024,0.434898,0.508639,0.431279,0.0155245
0,2024,0.434977,0.919789,0.356444,0.44032
0,2024,0.435035,0.266397,0.551318,0.515379
0,2024,0.436018,0.153499,0.705174,0.209917
0,2024,0.436506,0.263485,0.523526,0.15274
0,2024,0.437204,0.0741919,0.192307,0.836607
0,2024,0.437638,0.38751,0.412606,0.590937
0,2024,0.437789,0.190229,0.157509,0.388338
0,2024,0.437991,0.810258,0.641379,0.775232
0,2024,0.43805,0.819561,0.412477,0.745932
0,2024,0.439068,0.339281,0.333977,0.394856
0,2024,0.439172,0.192926,0.352905,0.859789
0,2024,0.439555,0.414166,0.0707099,0.381704
0,2024,0.439622,0.29905,0.157847,0.64627
0,2024,0.44049,0.364921,0.294191,0.998743
0,2024,0.442176,0.0173302,0.177862,0.0280871
0,2024,0.442316,0.363232,0.679114,0.0279446
0,2024,0.442794,0.34467,0.319245,0.503805
0,2024,0.443259,0.300962,0.576888,0.31358
0,2024,0.44341,0.823417,0.589432,0.865463
0,2024,0.443421,0.715408,0.132357,0.311547
0,2024,0.443683,0.312439,0.677758,0.0554463
0,2024,0.443852,0.925141,0.498569,0.490462
0,2024,0.444768,0.00547418,0.147342,0.147664
0,2024,0.445387,0.321943,0.515459,0.836878
0,2024,0.446236,0.265965,0.360859,0.0971676
0,2024,0.446661,0.181913,0.564791,0.078208
0,2024,0.447005,0.0582227,0.176141,0.44128
0,2024,0.44742,0.899446,0.440137,0.68427
0,2024,0.447442,0.495557,0.462427,0.816933
0,2024,0.448374,0.475886,0.57362,0.917501
0,2024,0.448686,0.624015,0.0510788,0.156539
0,2024,0.448874,0.0454896,0.438526,0.0574515
0,2024,0.44996,0.780899,1,0.412311
0,2024,0.450867,0.381647,0.11186,0.80292
0,2024,0.452385,0.571664,0.0334074,0.462059
0,2024,0.452918,0.852687,0.350589,0.202182
0,2024,0.453233,0.636906,0.0467367,0.392842
0,2024,0.453605,0.561174,0.152763,0.418989
0,2024,0.454723,0.324012,0.05282,0.569149
0,2024,0.454867,0.0908251,0.470565,0.686024
0,2024,0.455778,0.331877,0.654589,0.211214
0,2024,0.458935,0.0463348,0.504088,0.506574
0,2024,0.459108,0.256414,0.329507,0.388162
0,2024,0.459362,0.0205546,0.0467049,0.436133
0,2024,0.459688,0.144465,0.248328,0.419286
0,2024,0.45971,0.587205,0.699451,0.939956
0,2024,0.459931,0.773877,0.0764482,0.0564379
0,2024,0.461067,0.390579,0.254228,0.615769
0,2024,0.461178,0.250964,0.0115151,0.0753344
0,2024,0.462001,0.717011,0.42786,0.708152
0,2024,0.463591,0.196575,0.675939,0.160237
0,2024,0.463834,0.702486,0.369311,0.922137
0,2024,0.464216,0.638216,0.103065,0.219469
0,2024,0.464775,0.408631,0.599284,0.905496
0,2024,0.464797,0.142614,0.581237,0.414105
0,2024,0.465305,0.311492,0.509759,0.0742521
0,2024,0.465437,0.920575,0.493272,0.687629
0,2024,0.465482,0.64154,0.0789847,0.197931
0,2024,0.465875,0.471722,0.651684,0.924441
0,2024,0.465913,0.186957,0.303077,0.59187
0,2024,0.466229,0.962262,0.0413915,0.0798127
0,2024,0.466413,0.469482,0.240123,0.29081
0,2024,0.466701,0.169228,0.326414,0.378996
0,2024,0.467054,0.246839,0.17614,0.402221
0,2024,0.467223,0.594848,0.223768,0.609317
0,2024,0.467423,0.355578,0.164543,0.996786
0,2024,0.468079,0.691407,0.348893,0.730576
0,2024,0.468301,0.424065,0.635564,0.543108
0,2024,0.468353,0.328195,0.503499,0.346959
0,2024,0.470178,0.641537,0.18906,0.870493
0,2024,0.470564,0.0568433,0.0867783,0.391716
0,2024,0.470762,0.405925,0.950483,0.0118066
0,2024,0.470879,0.479809,0.211543,0.484945
0,2024,0.471217,0.459851,0.00425977,0.223122
0,2024,0.471703,0.0901754,0.608414,0.0860941
0,2024,0.471962,0.00493719,0.245381,0.59939
0,2024,0.472064,0.429799,0.566098,0.0530825
0,2024,0.472166,0.428699,0.603849,0.66056
0,2024,0.472676,0.306005,0.0813245,0.536637
0,2024,0.473361,0.720564,0.0877333,0.974175
0,2024,0.473923,0.530214,0.504868,0.306078
0,2024,0.475616,0.634576,0.658257,0.979297
0,2024,0.475748,0.702932,0.102234,0.0380933
0,2024,0.475841,0.203538,0.660655,0.0583047
0,2024,0.476624,0.438461,0.0900168,0.406702
0,2024,0.47854,0.541168,0.132096,0
0,2024,0.479415,0.965807,0.537176,0.304392
0,2024,0.480014,0.446623,0.0570533,0.995124
0,2024,0.480091,0.0753495,0.13128,0.164665
0,2024,0.480167,0.569817,0.262958,0.175967
0,2024,0.480827,0.282363,0.128204,0.739793
0,2024,0.482521,0.16585,0.391235,0.34273
0,2024,0.483548,0.345641,0.59934,0.153473
0,2024,0.484237,0.303891,0.217871,0.58375
0,2024,0.484352,0.653927,0.194306,0.651015
0,2024,0.485247,0.313989,0.450802,0.0745839
0,2024,0.485439,0.699791,0.659782,0.922564
0,2024,0.485531,0.155507,0.403032,0.957216
0,2024,0.485587,0.438978,0.255675,0.761551
0,2024,0.485732,0.876139,0.255284,0.666114
0,2024,0.485738,0.961322,0.108731,0.333502
0,2024,0.485899,0.348552,0.431488,0.50791
0,2024,0.486539,0.212928,0.546042,0.762684
0,2024,0.486552,0.801814,0.261569,0.195761
0,2024,0.486685,0.00679079,0.377661,0.778819
0,2024,0.486896,0.537222,0.529631,0.953001
0,2024,0.487709,0.10498,0.42153,0.681063
0,2024,0.487852,0.87475,0.0505765,0.584593
0,2024,0.488203,0.775757,0.0551905,0.0877919
0,2024,0.489198,0.648023,0.358331,0.0912322
0,2024,0.490121,0.556107,0.306413,0.20943
0,2024,0.490332,0.440039,0.70468,0.795573
0,2024,0.490929,0.381786,0.395428,0.653639
0,2024,0.491038,0.558667,0.62412,0.536946
0,2024,0.492035,0.205498,0.280513,0.136507
0,2024,0.493049,0.199325,0.386738,0.829962
0,2024,0.493777,0.666998,0.627683,0.535513
0,2024,0.494002,0.76209,0.210298,0.407225
0,2024,0.495135,0.0726503,0.0228768,0.43041
0,2024,0.495168,0.300795,0.235321,0.0707069
0,2024,0.495486,0.68617,0.552869,0.714031
0,2024,0.496383,0.199614,0.324419,0.670444
0,2024,0.49652,0.672794,0.392279,0.838547
0,2024,0.496802,0.236832,0.702079,0.228644
0,2024,0.497276,0.791827,0.496886,0.066899
0,2024,0.497457,0.34114,0.503191,0.51761
0,2024,0.497524,0.299757,0.159997,0.864918
0,2024,0.497622,0.311597,0.202868,0.00401947
0,2024,0.49829,0.265663,0.783527,0.467126
0,2024,0.498703,0.0917989,0.149271,0.233778
0,2024,0.498752,0.766163,0.462902,0.454528
0,2024,0.499192,0.186166,0.287528,0.274499
0,2024,0.49944,0.153072,0.279848,0.00893572
0,2024,0.500006,0.951795,0.367511,0.131858
0,2024,0.500566,0.301861,0.153956,0.0046895
0,2024,0.50096,0.726066,0.475926,0.765446
0,2024,0.501355,0.780407,0.0250745,0.364832
0,2024,0.501499,0.812403,0.40039,0.390688
0,2024,0.502729,0.207429,0.443527,0.941261
0,2024,0.50289,0.00729135,0.507441,0.954731
0,2024,0.503346,0.0105446,0.674453,0.706657
0,2024,0.503613,0.622394,0.485038,0.473513
0,2024,0.503851,0.159649,0.705824,0.528279
0,2024,0.504554,0.69271,0.0898075,0.156236
0,2024,0.505728,0.154638,0.493951,0.312983
0,2024,0.505859,0.448351,0.312663,0.528595
0,2024,0.505888,0.898849,0.472889,0.873131
0,2024,0.506293,0.952705,0.306098,0.0792733
0,2024,0.507444,0.22099,0.108539,0.0800474
0,2024,0.507545,0.617598,0.400932,0.777014
0,2024,0.507782,0.130608,0.119452,0.141354
0,2024,0.507898,0.77263,0.433734,0.859589
0,2024,0.508479,0.768923,0.343702,0.438559
0,2024,0.508498,0.115053,0.270059,0.253909
0,2024,0.508715,0.154377,0.354432,0.93651
0,2024,0.509324,0.968414,0.598757,0.802938
0,2024,0.509722,0.230826,0.231958,0.915981
0,2024,0.509835,0.438583,0.379299,0.396455
0,2024,0.510856,0.716393,0.714081,0.142487
0,2024,0.510867,0.217581,0.256772,0.0027572
0,2024,0.510909,0.898756,0.397739,0.310382
0,2024,0.510994,0.866271,0.00464157,0.62042
0,2024,0.512643,0.601052,0.106465,0.880302
0,2024,0.513006,0.578804,0.644581,0.426536
0,2024,0.513042,0.506311,0.290835,0.239332
0,2024,0.513171,0.800205,0.396732,0.487651
0,2024,0.514498,0.664896,0.205692,0.424317
0,2024,0.515332,0.392246,0.502981,0.369318
0,2024,0.515423,0.14655,0.329539,0.958396
0,2024,0.515845,0.858621,0.513513,0.950566
0,2024,0.516619,0.576753,0.254556,0.22654
0,2024,0.517253,0.354055,0.0639173,0.407386
0,2024,0.517573,0.247216,0.694238,0.492794
0,2024,0.519102,0.817539,0.619097,0.188739
0,2024,0.519476,0.974961,0.325819,0.74507
0,2024,0.519509,0.893638,0.202859,0.79193
0,2024,0.519596,0.44038,0.168807,0.899075
0,2024,0.519602,0.772807,0.654176,0.237762
0,2024,0.520974,0.572787,0.707184,0.00505583
0,2024,0.521005,0.173345,0.405968,0.0889653
0,2024,0.521792,0.0587961,0.00451481,0.54176
0,2024,0.522211,0.491807,0.0407708,0.54564
0,2024,0.523161,0.704663,0.147242,0.332638
0,2024,0.523569,0.856532,0.461233,0.775815
0,2024,0.523637,0.538968,0.23382,0.16211
0,2024,0.523715,0.91167,0.620842,0.805412
0,2024,0.524974,0.212941,0.424763,0.976184
0,2024,0.525163,0.755482,0.267944,0.65528
0,2024,0.525813,0.0612464,0.565652,0.879141
0,2024,0.526338,0.961604,0.0476239,0.354831
0,2024,0.526416,0.153897,0.129043,0.480285
0,2024,0.526529,0.917152,0.536153,0.446708
0,2024,0.526757,0.713274,0.173294,0.942568
0,2024,0.526921,0.169888,0.426814,0.341336
0,2024,0.527369,0.90252,0.696332,0.825797
0,2024,0.52766,0.483538,0.00206301,0.884253
0,2024,0.528818,0.708456,0.53634,0.832319
0,2024,0.529017,0.625051,0.475852,0.718999
0,2024,0.529103,0.456744,0.867397,0.338774
0,2024,0.529396,0.547253,0.575868,0.931241
0,2024,0.529949,0.896699,0.135037,0.376299
0,2024,0.53055,0.797445,0.724611,0.194261
0,2024,0.530732,0.979149,0.38013,0.286149
0,2024,0.531402,0.0998917,0.548581,0.136229
0,2024,0.532087,0.124765,0.134955,0.3983
0,2024,0.533213,0.622744,0.568065,0.918721
0,2024,0.535173,0.618466,0.450274,0.746639
0,2024,0.535659,0.27986,0.12416,0.750908
0,2024,0.535886,0.611738,0.269432,0.0672911
0,2024,0.536509,0.245037,0.344012,0.185557
0,2024,0.5367,0.923425,0.545316,0.870408
0,2024,0.54005,0.842596,0.442257,0.242698
0,2024,0.542227,0.0381458,0.0902768,0.777287
0,2024,0.542809,0.835957,0.564542,0.654197
0,2024,0.542821,0.689308,0.524846,0.539753
0,2024,0.543123,0.632873,0.542125,0.340512
0,2024,0.543354,0.726082,0.567212,0.334247
0,2024,0.543501,0.360844,0.348394,0.299117
0,2024,0.543801,0.158649,0.221772,0.144604
0,2024,0.544317,0.334963,0.704236,0.24912
0,2024,0.54485,0.100682,0.29025,0.162957
0,2024,0.545716,0.612094,0.517626,0.205679
0,2024,0.546932,0.672005,0.514433,0.299326
0,2024,0.546988,0.0256903,0.0510349,0.326771
0,2024,0.547204,0.75299,0.252778,0.540349
0,2024,0.547267,0.100542,0.522461,0.295401
0,2024,0.547397,0.860233,0.408315,0.617893
0,2024,0.548577,0.453458,0.567191,0.102978
0,2024,0.549055,0.677181,0.669607,0.326243
0,2024,0.549102,0.493505,0.537011,0.0678987
0,2024,0.5492,0.81042,0.713831,0.303792
0,2024,0.550357,0.534104,0.289281,0.661452
0,2024,0.550684,0.00761983,0.30308,0.552031
0,2024,0.551217,0.963568,0.0937854,0.443957
0,2024,0.551328,0.672313,0.111623,0.180857
0,2024,0.551449,0.00178899,0.420073,0.041758
0,2024,0.551855,0.83096,0.360054,0.159515
0,2024,0.553654,0.832285,0.430447,0.674154
0,2024,0.553699,0.429271,0.174063,0.070884
0,2024,0.554736,0.801856,0.64352,0.0923032
0,2024,0.555038,0.963715,0.659282,0.139775
0,2024,0.555468,0.00599489,0.311093,0.628471
0,2024,0.556385,0.507178,0.0022928,0.819679
0,2024,0.556811,0.127759,0.673216,0.00289483
0,2024,0.557115,0.353546,0.663477,0.444972
0,2024,0.558247,0.363349,0.367998,0.284926
0,2024,0.558333,0.282866,0.57567,0.301374
0,2024,0.559382,0.717129,0.517357,0.526005
0,2024,0.559538,0.471202,0.322834,0.563519
0,2024,0.559637,0.373985,0.57666,0.190388
0,2024,0.559758,0.0483144,0.473964,0.639106
0,2024,0.560191,0.321373,0.147023,0.36746
0,2024,0.560262,0.0637859,0.153881,0.08496
0,2024,0.56027,0.837545,0.416787,0.248073
0,2024,0.560811,0.919304,0.06718,0.942986
0,2024,0.560836,0.163817,0.680526,0.955473
0,2024,0.560847,0.925064,0.585702,0.889399
0,2024,0.561168,0.0246871,0.752074,0.336266
0,2024,0.561414,0.475502,0.415396,0.0133803
0,2024,0.562114,0.805721,0.446573,0.884451
0,2024,0.562225,0.59413,0.0494454,0.506052
0,2024,0.562519,0.226642,0.368844,0.811415
0,2024,0.563097,0.275696,0.287738,0.238302
0,2024,0.56311,0.770146,0.099634,1
0,2024,0.563794,0.874958,0.257755,0.592503
0,2024,0.563919,0.139647,0.303366,0.5015
0,2024,0.564281,0.0322468,0.453618,0.535413
0,2024,0.564875,0.601639,0.324249,0.662184
0,2024,0.565279,0.612156,0.137523,0.342292
0,2024,0.565615,0.188742,0.239082,0.159325
0,2024,0.566032,0.82403,0.152611,0.533622
0,2024,0.566256,0.610521,0.108401,0.981714
0,2024,0.566416,0.334751,0.405643,0.900718
0,2024,0.567839,0.0201279,0.416401,0.0958341
0,2024,0.568297,0.532272,0.192952,0.12853
0,2024,0.569178,0.87126,0.129218,0.830076
0,2024,0.570415,0.500737,0.359164,0.49599
0,2024,0.570851,0.240516,0.245258,0.343035
0,2024,0.571333,0.550597,0.329508,0.951825
0,2024,0.571369,0.626468,0.233631,0.689467
0,2024,0.571959,0.823427,0.051833,0.766125
0,2024,0.572153,0.150113,0.233369,0.381965
0,2024,0.573436,0.17568,0.540216,0.993699
0,2024,0.573663,0.714443,0.40956,0.963821
0,2024,0.575697,0.0242209,0.224024,0.563983
0,2024,0.576068,0.83319,0.351461,0.949827
0,2024,0.576135,0.186325,0.043265,0.779208
0,2024,0.57654,0.31295,0.0117076,0.340422
0,2024,0.577398,0.151886,0.600626,0.72016
0,2024,0.580283,0.830319,0.0504207,0.345889
0,2024,0.581297,0.0481373,0.0650535,0.660894
0,2024,0.582341,0.502656,0.0244837,0.222415
0,2024,0.582675,0.693557,0.24147,0.957589
0,2024,0.582959,0.918904,0.572665,0.857501
0,2024,0.583899,0.688604,0.227102,0.874464
0,2024,0.585225,0.291386,0.0769606,0.663805
0,2024,0.585284,0.156339,0.0793758,0.350309
0,2024,0.586706,0.360043,0.0899939,0.791234
0,2024,0.586821,0.0813959,0.0528104,0.497734
0,2024,0.586934,0.447575,0.447228,0.289378
0,2024,0.586958,0.83528,0.268924,0.558694
0,2024,0.58737,0.850084,0.109848,0.364147
0,2024,0.587373,0.00513145,0.506902,0.613282
0,2024,0.587596,0.446552,0.562507,0.224611
0,2024,0.587771,0.919484,0.159752,0.891136
0,2024,0.589781,0.908374,0.173036,0.804938
0,2024,0.589933,0.858791,0.565224,0.825656
0,2024,0.58995,0.239808,0.0754199,0.190081
0,2024,0.590059,0.17465,0.704363,0.309913
0,2024,0.590793,0.57296,0.244218,0.0238919
0,2024,0.591392,0.899663,0.378279,0.947607
0,2024,0.591542,0.219525,0.0343475,0.175748
0,2024,0.592317,0.451842,0.436445,0.644272
0,2024,0.592457,0.469373,0.395978,0.234379
0,2024,0.593711,0.717367,0.502073,0.991472
0,2024,0.593771,0.134794,0.220913,0.61879
0,2024,0.593898,0.37765,0.46292,0.896153
0,2024,0.593908,0.0499111,0.412216,0.66275
0,2024,0.593916,0.62763,0.219778,0.0512911
0,2024,0.594038,0.456895,0.133181,0.263925
0,2024,0.594109,0.614479,0.2288,0.0556804
0,2024,0.595057,0.624994,0.666358,0.478644
0,2024,0.595123,0.54656,0.375027,0.731694
0,2024,0.595167,0.0328684,0.331172,0.522621
0,2024,0.595637,0.553781,0.706488,0.808696
0,2024,0.596071,0.596686,0.00780175,0.219902
0,2024,0.596087,0.906177,0.639861,0.641439
0,2024,0.596191,0.237197,0.189111,0.693782
0,2024,0.596359,0.609721,0.467993,0.410618
0,2024,0.597747,0.147895,0.596777,0.0342991
0,2024,0.598726,0.107045,0.433877,0.618197
0,2024,0.599136,0.74961,0.319959,0.285422
0,2024,0.601269,0.932166,0.00237348,0.522543
0,2024,0.601426,0.281508,0.683123,0.407499
0,2024,0.601717,0.111803,0.27576,0.113131
0,2024,0.60172,0.733084,0.52222,0.389276
0,2024,0.601965,0.577756,0.0797506,0.476681
0,2024,0.602915,0.0462043,0.146398,0.564957
0,2024,0.604534,0.900413,0.619974,0.395152
0,2024,0.604568,0.121153,0.574894,0.100057
0,2024,0.605047,0.875833,0.454173,0.406379
0,2024,0.606189,0.378939,0.415794,0.393578
0,2024,0.606254,0.486109,0.14478,0.363753
0,2024,0.608346,0.748659,0.441442,0.426778
0,2024,0.608519,0.631068,0.297425,0.662399
0,2024,0.608635,0.187467,0.652735,0.0450248
0,2024,0.608656,0.228842,0.225171,0.638501
0,2024,0.608697,0.561429,0.451173,0.918866
0,2024,0.609137,0.438928,0.0569868,0.739037
0,2024,0.609481,0.226247,0.548108,0.945037
0,2024,0.609738,0.615451,0.627232,0.135782
0,2024,0.610369,0.365946,0.290805,0.307195
0,2024,0.610601,0.690352,0,0.155467
0,2024,0.610642,0.710676,0.643011,0.562955
0,2024,0.611649,0.0558997,0.156134,0.283735
0,2024,0.612065,0.251737,0.69655,0.71907
0,2024,0.613957,0.243265,0.270167,0.942591
0,2024,0.613991,0.974277,0.175822,0.876285
0,2024,0.6147,0.436552,0.695838,0.316651
0,2024,0.614848,0.674381,0.128502,0.761579
0,2024,0.614883,0.554978,0.0702081,0.59903
0,2024,0.616105,0.612817,0.460818,0.0336811
0,2024,0.617236,0.0464544,0.00921166,0.00762456
0,2024,0.618209,0.43438,0.714549,0.826031
0,2024,0.61881,0.160672,0.50331,0.00721481
0,2024,0.619089,0.0710371,0.087953,0.460771
0,2024,0.619952,0.627908,0.0729519,0.543242
0,2024,0.621053,0.834795,0.221811,0.490403
0,2024,0.621283,0.184618,0.133971,0.633787
0,2024,0.621346,0.674993,0.270532,0.480525
0,2024,0.621947,0.734088,0.427052,0.47091
0,2024,0.623355,0.0975927,0.573908,0.474316
0,2024,0.625448,0.346228,0.342095,0.391196
0,2024,0.625882,0.92918,0.452627,0.387813
0,2024,0.62808,0.577293,0.00346231,0.0955302
0,2024,0.628211,0.520836,0.71326,0.647214
0,2024,0.628234,0.764464,0.326081,0.261986
0,2024,0.628569,0.998529,0.400332,0.625524
0,2024,0.62869,0.58028,0.2827,0.608649
0,2024,0.62874,0.070886,0.415871,0.0883155
0,2024,0.629065,0.22341,0.209191,0.996077
0,2024,0.630534,0.593129,0.0842278,0.860523
0,2024,0.631061,0.944101,0.0127209,0.626083
0,2024,0.631583,0.979222,0.0112155,0.0736035
0,2024,0.631645,0.0984048,0.529139,0.261738
0,2024,0.632168,0.698678,0.637028,0.876742
0,2024,0.633118,0.467873,0.647303,0.300245
0,2024,0.633216,0.879194,0.290007,0.0652861
0,2024,0.633682,0.889573,0.697829,0.287523
0,2024,0.634219,0.760138,0.592233,0.726172
0,2024,0.634421,0.0869329,0.412735,0.112039
0,2024,0.634534,0.55258,0.336274,0.908619
0,2024,0.635432,0.187198,0.34392,0.96504
0,2024,0.63657,0.623703,0.148229,0.249465
0,2024,0.637247,0.402774,0.0929491,0.374068
0,2024,0.637309,0.576131,0.39293,0.016962
0,2024,0.63764,0.694388,0.232291,0.274465
0,2024,0.637804,0.260749,0.218747,0.992941
0,2024,0.637887,0.468136,0.281893,0.843932
0,2024,0.637941,0.949716,0.426776,0.687056
0,2024,0.638594,0.0388926,0.18502,0.558124
0,2024,0.638686,0.0694207,0.62025,0.975398
0,2024,0.640673,0.512424,0.518616,0.76854
0,2024,0.641079,0.0797443,0.617696,0.907596
0,2024,0.641512,0.490843,0.70745,0.530434
0,2024,0.641759,0.814693,0.257547,0.712126
0,2024,0.642137,0.740589,0.68,0.748118
0,2024,0.642574,0.0338653,0.50039,0.317306
0,2024,0.642948,0.246913,0.699891,0.73921
0,2024,0.643109,0.6032,0.364921,0.532229
0,2024,0.643198,0.832515,0.352564,0.116367
0,2024,0.643476,0.997903,0.340529,0.598591
0,2024,0.644782,0.796166,0.457233,0.912918
0,2024,0.644804,0.373498,0.137611,0.288531
0,2024,0.646269,0.667996,0.0022904,0.987673
0,2024,0.64645,0.293761,0.0712024,0.987188
0,2024,0.646674,0.932516,0.597542,0.974443
0,2024,0.64674,0.0502193,0.56506,0.380529
0,2024,0.646819,0.224668,0.582593,0.138427
0,2024,0.648068,0.24979,0.0656508,0.138715
0,2024,0.648102,1,0.405153,0.67456
0,2024,0.648519,0.8584,0.115988,0.21036
0,2024,0.648841,0.458644,0.234392,0.989386
0,2024,0.64952,0.907505,0.281158,0.00362438
0,2024,0.649921,0.0115838,0.0687531,0.307225
0,2024,0.650372,0.493857,0.668544,0.437548
0,2024,0.650477,0.791777,0.11258,0.951129
0,2024,0.651411,0.0431604,0.0690607,0.20958
0,2024,0.651467,0.683158,0.0502613,0.818072
0,2024,0.651754,0.955335,0.377296,0.120237
0,2024,0.652028,0.838438,0.553601,0.752378
0,2024,0.652122,0.630422,0.106033,0.586392
0,2024,0.652695,0.335682,0.0542722,0.503237
0,2024,0.652737,0.916795,0.498307,0.571252
0,2024,0.653225,0.698316,0.304124,0.0605307
0,2024,0.65373,0.0522257,0.423553,0.878399
0,2024,0.65446,0.810954,0.3825,0.340774
0,2024,0.654519,0.809612,0.643476,0.0679614
0,2024,0.654933,0.0720361,0.493856,0.022359
0,2024,0.655281,0.873347,0.410004,0.104369
0,2024,0.655369,0.650894,0.0152553,0.114377
0,2024,0.656059,0.264321,0.245199,0.908825
0,2024,0.656303,0.773987,0.206436,0.418821
0,2024,0.656909,0.1302,0.0111128,0.387459
0,2024,0.657468,0.458969,0.323678,0.962065
0,2024,0.657562,0.913426,0.424608,0.982263
0,2024,0.657801,0.132557,0.288583,0.499847
0,2024,0.657896,0.513505,0.357601,0.539618
0,2024,0.65805,0.00686613,0.0781478,0.188153
0,2024,0.659048,0.850125,0.492276,0.0424519
0,2024,0.65915,0.0703349,0.000974459,0.709153
0,2024,0.659293,0.0766824,0.248345,0.201603
0,2024,0.659709,0.832387,0.537837,0.610052
0,2024,0.659848,0.364591,0.713747,0.963724
0,2024,0.660787,0.815637,0.632965,0.739342
0,2024,0.66092,0.939563,0.710668,0.176546
0,2024,0.661206,0.960751,0.541908,0.943091
0,2024,0.662492,0.999471,0.292395,0.676262
0,2024,0.662578,0.368296,0.144263,0.239532
0,2024,0.663191,0.434195,0.102178,0.173875
0,2024,0.663958,0.592218,0.14045,0.65504
0,2024,0.663992,0.276488,0.572903,0.663219
0,2024,0.664462,0.623515,0.605668,0.843016
0,2024,0.66462,0.692922,0.60532,0.145423
0,2024,0.665737,0.818994,0.477968,0.902092
0,2024,0.666087,0.258882,0.570108,0.898705
0,2024,0.6675,0.316548,0.463796,0.541222
0,2024,0.668909,0.484892,0.58515,0.199348
0,2024,0.669673,0.835606,0.493677,0.934216
0,2024,0.66972,0.95455,0.441383,0.839014
0,2024,0.670512,0.489677,0.171404,0.472015
0,2024,0.671109,0.692844,0.0731186,0.93855
0,2024,0.671387,0.420589,0.342383,0.43662
0,2024,0.67144,0.925326,0.40953,0.293405
0,2024,0.672527,0.79617,0.398898,0.950947
0,2024,0.673702,0.307894,0.397064,0.946594
0,2024,0.674765,0.258238,0.689839,0.434736
0,2024,0.674875,0.535477,0.652727,0.596461
0,2024,0.675532,0.518487,0.0478397,0.400594
0,2024,0.675674,0.431112,0.406638,0.642203
0,2024,0.676137,0.637469,0.122862,0.190828
0,2024,0.677166,0.0448757,0.48858,0.219592
0,2024,0.677222,0.157163,0.163905,0.387768
0,2024,0.678704,0.286354,0.709042,0.116977
0,2024,0.678987,0.940264,0.206883,0.630158
0,2024,0.679015,0.891311,0.0401546,0.023935
0,2024,0.679784,0.652279,0.615098,0.454652
0,2024,0.679799,0.666445,0.559765,0.0971674
0,2024,0.681737,0.492585,0.194876,0.127233
0,2024,0.68227,0.595027,0.44784,0.554376
0,2024,0.68251,0.870803,0.337736,0.684594
0,2024,0.684025,0.668331,0.413289,0.548766
0,2024,0.684214,0.509574,0.243888,0.951655
0,2024,0.684509,0.12091,0.211453,0.310684
0,2024,0.684795,0.810573,0.0947745,0.846032
0,2024,0.684936,0.000717101,0.697359,0.871766
0,2024,0.684952,0.956618,0.254817,0.281548
0,2024,0.68616,0.194725,0.714421,0.685287
0,2024,0.686372,0.604108,0.634342,0.776306
0,2024,0.686516,0.0215515,0.642511,0.615079
0,2024,0.687945,0.622711,0.699548,0.870814
0,2024,0.687962,0.558882,0.348467,0.925735
0,2024,0.68826,0.386079,0.610062,0.353773
0,2024,0.688424,0.176255,0.181374,0.0746128
0,2024,0.688503,0.532315,0.153571,0.788677
0,2024,0.688598,0.49313,0.568465,0.816584
0,2024,0.689177,0.400723,0.161316,0.853881
0,2024,0.690596,0.360675,0.646862,0.616516
0,2024,0.690611,0.779383,0.152401,0.0724117
0,2024,0.691322,0.982018,0.486694,0.818141
0,2024,0.69168,0.049326,0.322891,0.523215
0,2024,0.693304,0.675582,0.587018,0.595596
0,2024,0.693662,0.819498,0.168125,0.231559
0,2024,0.694332,0.74067,0.1484,0.170366
0,2024,0.694604,0.550281,0.302028,0.805015
0,2024,0.69606,0.321353,0.0196635,0.599556
0,2024,0.696114,0.0179748,0.277666,0.277939
0,2024,0.696117,0.596661,0.611738,0.334469
0,2024,0.696279,0.8355,0.464182,0.601865
0,2024,0.696618,0.742669,0.234614,0.42968
0,2024,0.697568,0.133694,0.128064,0.935089
0,2024,0.697846,0.465834,0.276109,0.872163
0,2024,0.699401,0.0130921,0.243109,0.625034
0,2024,0.699467,0.505227,0.0234978,0.454268
0,2024,0.700165,0.82123,0.528325,0.128726
0,2024,0.700843,0.979369,0.609731,0.849421
0,2024,0.701049,0.594206,0.249876,0.475547
0,2024,0.703009,0.771808,0.481259,0.239282
0,2024,0.70323,0.778657,0.499552,0.0523601
0,2024,0.703376,0.344119,0.289315,0.483232
0,2024,0.703891,0.63656,0.499486,0.108657
0,2024,0.704239,0.169976,0.664351,0.686604
0,2024,0.70464,0.213759,0.533934,0.0253817
0,2024,0.705106,0.65066,0.206394,0.573735
0,2024,0.705289,0.970342,0.121806,0.436523
0,2024,0.70546,0.185835,0.322062,0.0648773
0,2024,0.706055,0.20163,0.659675,0.747344
0,2024,0.706262,0.177524,0.546827,0.902145
0,2024,0.706436,0.137499,0.253174,0.0417031
0,2024,0.706585,0.774174,0.656248,0.195046
0,2024,0.706604,0.599386,0.446645,0.00141985
0,2024,0.707352,0.987652,0.466791,0.919775
0,2024,0.708564,0.872494,0.69701,0.232281
0,2024,0.710359,0.530375,0.428052,0.768881
0,2024,0.710445,0.241193,0.0772084,0.211492
0,2024,0.71052,0.362517,0.275553,0.735604
0,2024,0.710773,0.714413,0.0158101,0.0251077
0,2024,0.710817,0.803665,0.0221254,0.0734042
0,2024,0.711109,0.100643,0.712968,0.46829
0,2024,0.711203,0.349831,0.0663135,0.261015
0,2024,0.711352,0.705189,0.62015,0.316099
0,2024,0.713346,0.821319,0.548391,0.964854
0,2024,0.713456,0.290343,0.265949,0.74562
0,2024,0.713662,0.0409997,0.132636,0.193825
0,2024,0.714011,0.732111,0.528057,0.0436962
0,2024,0.714216,0.728611,0.0396309,0.442234
0,2024,0.71502,0.494985,0.15743,0.211591
0,2024,0.715348,0.889059,0.0834518,0.775521
0,2024,0.715411,0.963844,0.0683664,0.923487
0,2024,0.71578,0.272764,0.425437,0.0527076
0,2024,0.715796,0.122644,0.169863,0.989145
0,2024,0.716698,0.815178,0.555564,0.122444
0,2024,0.717934,0.801359,0.678707,0.742398
0,2024,0.718319,0.278509,0.654032,0.26607
0,2024,0.718641,0.646599,0.110574,0.411268
0,2024,0.71882,0.681735,0.206754,0.145055
0,2024,0.719449,0.915066,0.453559,0.745964
0,2024,0.719655,0.725552,0.576341,0.936564
0,2024,0.719723,0.643824,0.481603,0.765695
0,2024,0.719947,0.773287,0.268312,0.933973
0,2024,0.720145,0.640295,0.0327805,0.224862
0,2024,0.721359,0.0691482,0.174317,0.53173
0,2024,0.722302,0.629678,0.0991061,0.675479
0,2024,0.723241,0.0549053,0.713506,0.53527
0,2024,0.725157,0.94084,0.192996,0.378902
0,2024,0.725338,0.14983,0.0580877,0.744293
0,2024,0.726953,0.844318,0.55012,0.828989
0,2024,0.727093,0.764678,0.0198856,0.701731
0,2024,0.727179,0.86227,0.333359,0.762322
0,2024,0.727324,0.369792,0.673935,0.3795
0,2024,0.727608,0.294762,0.190783,0.736003
0,2024,0.727806,0.300581,0.0952193,0.0971732
0,2024,0.728785,0.110942,0.708777,0.874369
0,2024,0.728992,0.618585,0.268124,0.28753
0,2024,0.729255,0.7297,0.589662,0.58209
0,2024,0.729517,0.00143103,0.657915,0.605362
0,2024,0.730631,0.346042,0.132326,0.917755
0,2024,0.73122,0.192425,0.474152,0.908996
0,2024,0.731381,0.956649,0.299183,0.76618
0,2024,0.731528,0.0401317,0.700674,0.358248
0,2024,0.731765,0.182872,0.409418,0.408356
0,2024,0.731895,0.200432,0.635246,0.481398
0,2024,0.732204,0.46422,0.69332,0.798734
0,2024,0.732564,0.619344,0.67105,0.137253
0,2024,0.732905,0.616584,0.389932,0.115372
0,2024,0.733017,0.261518,0.0575009,0.987647
0,2024,0.733726,0.544648,0.404178,0.564192
0,2024,0.733951,0.612082,0.711659,0.159634
0,2024,0.733993,0.279147,0.605921,0.429046
0,2024,0.734053,0.229171,0.123995,0.467782
0,2024,0.735111,0.0993931,0.307354,0.773666
0,2024,0.735233,0.633811,0.174408,0.732057
0,2024,0.735848,0.430508,0.393741,0.838077
0,2024,0.735852,0.274805,0.354916,0.946453
0,2024,0.735949,0.198343,0.436452,0.954735
0,2024,0.737245,0.647811,0.152382,0.0149669
0,2024,0.738701,0.274463,0.440987,0.58286
0,2024,0.739036,0.17807,0.442583,0.541815
0,2024,0.739219,0.806177,0.388293,0.159141
0,2024,0.739399,0.786301,0.113827,0.570995
0,2024,0.739771,0.480523,0.422644,0.862129
0,2024,0.74073,0.763543,0.411816,0.432018
0,2024,0.741449,0.37774,0.153874,0.459792
0,2024,0.741951,0.141074,0.872335,0.606285
0,2024,0.742086,0.567261,0.090295,0.725349
0,2024,0.74259,0.796083,0.408999,0.163683
0,2024,0.743008,0.813992,0.539083,0.987427
0,2024,0.743056,0.459637,0.263503,0.51155
0,2024,0.745427,0.772423,0.37883,0.935976
0,2024,0.74565,0.322294,0.170259,0.847254
0,2024,0.745659,0.550296,0.449148,0.220031
0,2024,0.745773,0.506333,0.134725,0.674677
0,2024,0.745809,0.275575,0.0605727,0.45213
0,2024,0.746346,0.365628,0.696126,0.670789
0,2024,0.746524,0.534986,0.368352,0.680763
0,2024,0.746584,0.033371,0.0684167,0.473565
0,2024,0.746782,0.823627,0.393149,0.984877
0,2024,0.74717,0.690547,0.62739,0.973626
0,2024,0.747264,0.927597,0.163436,0.725984
0,2024,0.747764,0.252783,0.256428,0.924235
0,2024,0.748576,0.175821,0.51135,0.622207
0,2024,0.748738,0.720884,0.0124764,0.607725
0,2024,0.750051,0.593977,0.176148,0.430776
0,2024,0.750816,0.90809,0.0369665,0.588299
0,2024,0.751036,0.66308,0.0353717,0.855308
0,2024,0.751998,0.592775,0.0803044,0.67727
0,2024,0.753698,0.857402,0.491116,0.728875
0,2024,0.753837,0.376091,0.396258,0.417202
0,2024,0.754195,0.773547,0.203143,0.51409
0,2024,0.754825,0.540127,0.500062,0.363547
0,2024,0.754915,0.264477,0.208915,0.289893
0,2024,0.755121,0.768698,0.415464,0.986771
0,2024,0.755471,0.564629,0.406696,0.408617
0,2024,0.755876,0.507325,0.62325,0.184211
0,2024,0.757026,0.768219,0.611863,0.437783
0,2024,0.757951,0.44284,0.200994,0.593116
0,2024,0.758153,0.450327,0.472098,0.861474
0,2024,0.758643,0.0563397,0.454513,0.767654
0,2024,0.758661,0.564873,0.344363,0.0819665
0,2024,0.759387,0.076523,0.14569,0.448145
0,2024,0.759573,0.287184,0.0890454,0.0412253
0,2024,0.759699,0.484514,0.11244,0.501606
0,2024,0.759736,0.232608,0.437038,0.963492
0,2024,0.760327,0.862941,0.173332,0.465162
0,2024,0.760365,0.0518044,0.545551,0.652622
0,2024,0.760407,0.215606,0.278843,0.29772
0,2024,0.76091,0.0222948,0.472142,0.336016
0,2024,0.761332,0.180405,0.696136,0.674302
0,2024,0.761372,0.765493,0.0653071,0.0882823
0,2024,0.761381,0.180087,0.26832,0.158753
0,2024,0.762633,0.604205,0.18901,0.359922
0,2024,0.762683,0.591876,0.434286,0.889321
0,2024,0.763866,0.0946717,0.703055,0.00590342
0,2024,0.764093,0.525546,0.706201,0.719611
0,2024,0.76448,0.118505,0.0697746,0.150913
0,2024,0.765465,0.870577,0.0682961,0.285097
0,2024,0.766059,0.610309,0.0773152,0.58648
0,2024,0.76632,0.672151,0.295421,0.950429
0,2024,0.767006,0.0937619,0.500199,0.43648
0,2024,0.767255,0.439229,0.559622,0.351072
0,2024,0.767613,0.271407,0.0390084,0.784704
0,2024,0.768209,0.955645,0.0581729,0.948791
0,2024,0.768685,0.719321,0.190207,0.774203
0,2024,0.768978,0.144114,0.430841,0.309983
0,2024,0.770214,0.00843321,0.243868,0.530466
0,2024,0.77044,0.898053,0.909691,0.700827
0,2024,0.770513,0.0634227,0.50649,0.945703
0,2024,0.771528,0.199861,0.0331414,0.411962
0,2024,0.772213,0.187223,0.700643,0.683291
0,2024,0.772525,0.176147,0.127946,0.629496
0,2024,0.772833,0.05969,0.370541,0.372638
0,2024,0.773021,0.751756,0.0883278,0.174839
0,2024,0.773259,0.0838665,0.555272,0.606135
0,2024,0.7737,0.572983,0.53448,0.98656
0,2024,0.774501,0.0247033,0.0354762,0.76647
0,2024,0.774535,0.740959,0.305645,0.229491
0,2024,0.774707,0.907041,0.166894,0.0676859
0,2024,0.774843,0.563696,0.519704,0.0308405
0,2024,0.775995,0.133407,0.0961976,0.302075
0,2024,0.776476,0.384009,0.480848,0.581562
0,2024,0.777673,0.367752,0.568002,0.614398
0,2024,0.77908,0.39136,0.110232,0.815196
0,2024,0.779591,0.355011,0.475824,0.429666
0,2024,0.779819,0.368748,0.442223,0.68805
0,2024,0.780178,0.163317,0.14166,0.0259445
0,2024,0.780386,0.710744,0.382307,0.77363
0,2024,0.780392,0.394458,0.659918,0.0406394
0,2024,0.780935,0.831979,0.383488,0.69347
0,2024,0.781,0.0183335,0.429596,0.365102
0,2024,0.781569,0.25976,0.105281,0.504603
0,2024,0.782174,0.458586,0.0930792,0.747015
0,2024,0.783976,0.3167,0.655612,0.916392
0,2024,0.784331,0.0831464,0.410467,0.169766
0,2024,0.785098,0.119437,0.164773,0.484764
0,2024,0.785337,0.030129,0.329203,0.779467
0,2024,0.785826,0.341205,0.556846,0.0817358
0,2024,0.786184,0.993778,0.0328473,0.371662
0,2024,0.787052,0.587547,0.070168,0.424371
0,2024,0.787115,0.676828,0.272186,0.23006
0,2024,0.787121,0.742473,0.0611469,0.427533
0,2024,0.78767,0.199149,0.604653,0.371439
0,2024,0.788025,0.453684,0.707821,0.437124
0,2024,0.78824,0.383937,0.459327,0.671318
0,2024,0.78917,0.964616,0.233272,0.977688
0,2024,0.789294,0.889619,0.383472,0.280234
0,2024,0.789676,0.290536,0.353158,0.440618
0,2024,0.789803,0.760944,0.425707,0.0834084
0,2024,0.789886,0.689503,0.617218,0.740506
0,2024,0.790403,0.702295,0.338855,0.854671
0,2024,0.791059,0.896956,0.0603201,0.119585
0,2024,0.791666,0.935293,0.487152,0.231638
0,2024,0.792153,0.666295,0.216031,0.0405776
0,2024,0.792381,0.990377,0.540888,0.845605
0,2024,0.793018,0.995595,0.642944,0.331058
0,2024,0.793099,0.380073,0.00895767,0.871127
0,2024,0.793172,0.332223,0.431434,0.270962
0,2024,0.79372,0.775035,0.395483,0.352869
0,2024,0.794017,0.0759308,0.392471,0.657427
0,2024,0.795293,0.989077,0.688364,0.742886
0,2024,0.795767,0.935958,0.303609,0.134051
0,2024,0.798659,0.471564,0.104891,0.275367
0,2024,0.799812,0.516,0.197268,0.976605
0,2024,0.80002,0.575458,0.678986,0.101862
0,2024,0.800201,0.0868321,0.668533,0.469106
0,2024,0.800565,0.10461,0.18773,0.937215
0,2024,0.800802,0.0229597,0.303223,0.234208
0,2024,0.801052,0.723491,0.703936,0.858465
0,2024,0.80139,0.259843,0.00793798,0.70265
0,2024,0.801791,0.689609,0.217665,0.17235
0,2024,0.802072,0.56895,0.356324,0.166849
0,2024,0.804293,0.489182,0.699012,0.251139
0,2024,0.804886,0.080703,0.438924,0.74317
0,2024,0.804889,0.321552,0.413899,0.0222847
0,2024,0.805402,0.396836,0.290566,0.419322
0,2024,0.805936,0.821272,0.692918,0.189715
0,2024,0.806545,0.0897404,0.448533,0.0292317
0,2024,0.806849,0.244627,0.684112,0.782433
0,2024,0.80751,0.422236,0.545408,0.8108
0,2024,0.808785,0.653389,0.176256,0.243907
0,2024,0.809225,0.468745,0.14241,0.253825
0,2024,0.80983,0.644638,0.614277,0.114088
0,2024,0.81,0.116882,0.0137519,0.836108
0,2024,0.810206,0.126764,0.0833445,0.241603
0,2024,0.811604,0.292038,0.0904226,0.616778
0,2024,0.813022,0.449132,0.60188,0.677493
0,2024,0.813804,0.129917,0.325016,0.0439746
0,2024,0.814005,0.483398,0.77403,0.522742
0,2024,0.814512,0.0532901,0.397882,0.372564
0,2024,0.81626,0.316789,0.547236,0.663288
0,2024,0.81689,0.368419,0.24777,0.266735
0,2024,0.816963,0.507992,0.551612,0.375402
0,2024,0.817333,0.120366,0.122729,0.718069
0,2024,0.817354,0.721203,0.528126,0.692399
0,2024,0.818225,0.147814,0.61441,0.211428
0,2024,0.818539,0.294667,0.608307,0.663986
0,2024,0.818779,0.114484,0.016223,0.402319
0,2024,0.819635,0.442124,0.355286,0.088359
0,2024,0.820609,0.785045,0.698919,0.790514
0,2024,0.820649,0.930543,0.463775,0.890114
0,2024,0.821091,0.510826,0.57114,0.525668
0,2024,0.822637,0.0163889,0.225353,0.826465
0,2024,0.822924,0.838246,0.557062,0.0300681
0,2024,0.824511,0.0287546,0.654067,0.290002
0,2024,0.824842,0.963622,0.460025,0.822322
0,2024,0.825175,0.79221,0.306795,0.180213
0,2024,0.825296,0.326129,0.31815,0.183946
0,2024,0.826624,0.432663,0.0962793,0.564102
0,2024,0.827158,0.516745,0.154533,0.747238
0,2024,0.827712,0.27929,0.159265,0.0320274
0,2024,0.828319,0.171106,0.165596,0.549652
0,2024,0.828402,0.012317,0.1509,0.271755
0,2024,0.828415,0.948508,0.41657,0.794307
0,2024,0.828611,0.27861,0.592145,0.134052
0,2024,0.828687,0.378394,0.10647,0.859581
0,2024,0.82874,0.951744,0.258641,0.594359
0,2024,0.829438,0.941633,0.626613,0.086465
0,2024,0.829722,0.240867,0.470807,0.196126
0,2024,0.830749,0.520642,0.226276,0.210237
0,2024,0.830864,0.4876,0.597039,0.0193303
0,2024,0.83095,0.807233,0.646175,0.858681
0,2024,0.831226,0.48871,0.355218,0.330393
0,2024,0.831783,0.403893,0.692844,0.415155
0,2024,0.831825,0.431398,0.313621,0.141089
0,2024,0.832017,0.0984166,0.413526,0.225603
0,2024,0.832092,0.341317,0.102548,0.915989
0,2024,0.832478,0.21129,0.297292,0.277579
0,2024,0.832523,0.505111,0.647919,0.236104
0,2024,0.832577,0.556068,0.113766,0.570068
0,2024,0.832634,0.0040311,0.367945,0.5713
0,2024,0.833296,0.916348,0.238946,0.307817
0,2024,0.833431,0.410781,0.0149848,0.0543071
0,2024,0.834106,0.571861,0.255697,0.69622
0,2024,0.834713,0.803857,0.105831,0.923296
0,2024,0.835954,0.885542,0.172447,0.887048
0,2024,0.836027,0.11609,0.590685,0.912145
0,2024,0.836365,0.575868,0.322209,0.929498
0,2024,0.83825,0.572334,0.257239,0.9976
0,2024,0.838254,0.302606,0.708913,0.396028
0,2024,0.838866,0.261802,0.0782707,0.930305
0,2024,0.839454,0.890756,0.0300057,0.62758
0,2024,0.83954,0.0636938,0.657697,0.930667
0,2024,0.841241,0.554724,0.67358,0.22208
0,2024,0.841283,0.820903,0.18513,0.835161
0,2024,0.841379,0.530855,0.618975,0.18527
0,2024,0.841538,0.412419,0.432804,0.157398
0,2024,0.841748,0.0367118,0.0702166,0.574214
0,2024,0.841886,0.581162,0.148408,0.971621
0,2024,0.842079,0.926731,0.661621,0.813039
0,2024,0.843595,0.929758,0.395179,0.444989
0,2024,0.843695,0.13624,0.193829,0.318414
0,2024,0.844458,0.680748,0.398195,0.796192
0,2024,0.846048,0.514133,0.691483,0.510951
0,2024,0.846128,0.449142,0.686678,0.398823
0,2024,0.846293,0.895393,0.406335,0.604101
0,2024,0.846342,0.768793,0.0697911,0.596077
0,2024,0.84842,0.433918,0.449388,0.739284
0,2024,0.848671,0.045319,0.21882,0.942462
0,2024,0.849945,0.63717,0.317742,0.287065
0,2024,0.850066,0.314468,0.709667,0.965185
0,2024,0.850652,0.935414,0.333139,0.508038
0,2024,0.851842,0.988883,0.18726,0.0254507
0,2024,0.852104,0.741545,0.0778227,0.741495
0,2024,0.852663,0.66785,0.582326,0.533135
0,2024,0.853114,0.667179,0.152327,0.802081
0,2024,0.853137,0.937784,0.251421,0.922894
0,2024,0.854183,0.382185,0.0343559,0.302703
0,2024,0.85447,0.248779,0.690438,0.0382789
0,2024,0.854924,0.34307,0.433674,0.36662
0,2024,0.855332,0.55848,0.131604,0.426811
0,2024,0.855361,0.526203,0.156704,0.923623
0,2024,0.855686,0.853747,0.0736107,0.527141
0,2024,0.855895,0.518152,0.540781,0.0256159
0,2024,0.856034,0.414872,0.337932,0.578775
0,2024,0.856079,0.536552,0.419255,0.972735
0,2024,0.856888,0.967598,0.153429,0.105602
0,2024,0.857881,0.00242182,0.453371,0.141947
0,2024,0.858781,0.810694,0.50903,0.934332
0,2024,0.859019,0.588679,0.262728,0.657385
0,2024,0.86044,0.380325,0.198158,0.240263
0,2024,0.860507,0.679456,0.636573,0.502166
0,2024,0.860578,0.024796,0.545882,0.650913
0,2024,0.860996,0.575582,0.595027,0.628786
0,2024,0.861262,0.838431,0.375571,0.315668
0,2024,0.861523,0.0392837,0.0850832,0.816175
0,2024,0.861683,0.17402,0.393123,0.577548
0,2024,0.862587,0.359259,0.585227,0.0454371
0,2024,0.863116,0.372306,0.696887,0.107875
0,2024,0.863302,0.763841,0.165603,0.952327
0,2024,0.863821,0.466725,0.195208,0.864155
0,2024,0.863914,0.38626,0.254095,0.101573
0,2024,0.865243,0.0155004,0.53716,0.43159
0,2024,0.866266,0.758847,0.655275,0.979703
0,2024,0.867151,0.569922,0.293223,0.497667
0,2024,0.868144,0.0921712,0.373022,0.285968
0,2024,0.868878,0.683605,0.389839,0.14901
0,2024,0.868942,0.437149,0.634954,0.980884
0,2024,0.869529,0.732232,0.640006,0.0752655
0,2024,0.871018,0.888652,0.0421407,0.540967
0,2024,0.871071,0.0782057,0.42156,0.985255
0,2024,0.871348,0.992553,0.490549,0.886477
0,2024,0.871887,0.320927,0.159809,0.531468
0,2024,0.872281,0.676343,0.192352,0.481606
0,2024,0.872424,0.121167,0.26577,0.96461
0,2024,0.872427,0.317928,0.646185,0.278812
0,2024,0.872691,0.658067,0.421314,0.658987
0,2024,0.873513,0.185098,0.660431,0.0621078
0,2024,0.873937,0.00243085,0.603251,0.174734
0,2024,0.874024,0.160745,0.604634,0.616988
0,2024,0.874657,0.457657,0.337317,0.764407
0,2024,0.874862,0.950233,0.455497,0.150748
0,2024,0.875233,0.922597,0.69463,0.816822
0,2024,0.875466,0.16162,0.580718,0.189226
0,2024,0.876875,0.804436,0.155275,0.0220732
0,2024,0.877076,0.491155,0.0282369,0.205883
0,2024,0.877206,0.234326,0.15343,0.716773
0,2024,0.877355,0.245466,0.0969751,0.163044
0,2024,0.877597,0.0663671,0.152808,0.734778
0,2024,0.879063,0.414343,0.191979,0.0325599
0,2024,0.879313,0.111637,0.28925,0.0349563
0,2024,0.879427,0.605389,0.204088,0.826007
0,2024,0.880138,0.520114,0.73968,0.214646
0,2024,0.88112,0.376473,0.0151723,0.558067
0,2024,0.881574,0.331211,0.445325,0.000728761
0,2024,0.881626,0.828174,0.415247,0.709796
0,2024,0.881794,0.85092,0.222145,0.0905044
0,2024,0.883135,0.295957,0.248238,0.768849
0,2024,0.883616,0.47635,0.128171,0.0603462
0,2024,0.884022,0.832941,0.604798,0.0446597
0,2024,0.884452,0.865452,0.240267,0.980782
0,2024,0.885911,0.0479862,0.48593,0.0828994
0,2024,0.886073,0.747371,0.484278,0.491235
0,2024,0.886455,0.889727,0.327592,0.581397
0,2024,0.886574,0.263227,0.646253,0.63954
0,2024,0.886807,0.708047,0.359955,0.983227
0,2024,0.88688,0.358175,0.0273143,0.21662
0,2024,0.887238,0.0783814,0.572015,0.441694
0,2024,0.888159,0.216619,0.440662,0.770474
0,2024,0.888442,0.53493,0.468603,0.13746
0,2024,0.891821,0.637098,0.192356,0.689257
0,2024,0.892336,0.455182,0.500964,0.0646902
0,2024,0.893594,0.771807,0.690463,0.407981
0,2024,0.89433,0.461875,0.029238,0.224638
0,2024,0.894473,0.175365,0.0178727,0.34869
0,2024,0.896135,0.781224,0.482726,0.255056
0,2024,0.896478,0.894645,0.00719851,0.542177
0,2024,0.896553,0.207619,0.190893,0.981916
0,2024,0.896746,0.920348,0.673028,0.222704
0,2024,0.898425,0.956614,0.0827192,0.408946
0,2024,0.898784,0.580303,0.0995405,0.816726
0,2024,0.899024,0.228546,0.203918,0.615163
0,2024,0.899836,0.346916,0.382693,0.549246
0,2024,0.900334,0.890484,0.0693795,0.388644
0,2024,0.900816,0.650349,0.502947,0.169744
0,2024,0.902724,0.86606,0.415712,0.725252
0,2024,0.902767,0.0100433,0.472385,0.289423
0,2024,0.903236,0.552187,0.361686,0.0891769
0,2024,0.904,0.160079,0.452213,0.51532
0,2024,0.904081,0.515741,0.47194,0.354261
0,2024,0.90453,0.519389,0.183895,0.226946
0,2024,0.905572,0.492698,0.322874,0.683301
0,2024,0.906006,0.549462,0.577086,0.517506
0,2024,0.906487,0.751933,0.129683,0.562794
0,2024,0.906598,0.000955109,0.184611,0.216795
0,2024,0.906801,0.504364,0.254196,0.383555
0,2024,0.907043,0.462948,0.256304,0.435009
0,2024,0.907235,0.351537,0.54547,0.334753
0,2024,0.907425,0.332363,0.387959,0.776102
0,2024,0.90744,0.768527,0.225446,0.949572
0,2024,0.90765,0.318753,0.409599,0.686348
0,2024,0.908053,0.726162,0.0688502,0.101105
0,2024,0.908066,0.597036,0.544449,0.33126
0,2024,0.909133,0.497471,0.216746,0.669305
0,2024,0.909948,0.892762,0.560033,0.623392
0,2024,0.911198,0.644692,0.292935,0.503231
0,2024,0.911204,0.663869,0.311347,0.769677
0,2024,0.911909,0.968424,0.177715,0.660573
0,2024,0.91216,0.792814,0.335978,0.841083
0,2024,0.912905,0.354103,0.584392,0.953355
0,2024,0.913001,0.647318,0.090343,0.970185
0,2024,0.915,0.72017,0.427789,0.982069
0,2024,0.916023,0.994947,0.636902,0.459022
0,2024,0.91603,0.0931347,0.542312,0.239811
0,2024,0.9165,0.0760837,0.449323,0.0550717
0,2024,0.916579,0.169991,0.435456,0.667495
0,2024,0.916819,0.773502,0.0253096,0.0923714
0,2024,0.917329,0.508152,0.0752107,0.59791
0,2024,0.917401,0.41225,0.597153,0.848214
0,2024,0.917525,0.700628,0.516606,0.0118039
0,2024,0.917982,0.0842289,0.68642,0.150203
0,2024,0.918424,0.77224,0.618662,0.0504081
0,2024,0.919497,0.0235137,0.532715,0.780446
0,2024,0.919657,0.869945,0.472404,0.972206
0,2024,0.920258,0.791623,0.305575,0.0604912
0,2024,0.920677,0.221124,0.0867901,0.762419
0,2024,0.9209,0.608301,0.187221,0.560501
0,2024,0.921355,0.42722,0.391855,0.620431
0,2024,0.92245,0.525713,0.0671446,0.507722
0,2024,0.922674,0.308067,0.432068,0.69929
0,2024,0.922698,0.242627,0.202246,0.191228
0,2024,0.923782,0.364017,0.534952,0.558866
0,2024,0.926308,0.734239,0.095033,0.805877
0,2024,0.92645,0.867694,0.551998,0.230646
0,2024,0.926842,0.249737,0.58675,0.143876
0,2024,0.927306,0.610668,0.164837,0.867941
0,2024,0.928057,0.291066,0.24796,0.745334
0,2024,0.928286,0.348279,0.523213,0.537046
0,2024,0.93036,0.904738,0.404,0.339413
0,2024,0.931025,0.302988,0.432578,0.0894379
0,2024,0.931036,0.437255,0.305212,0.231805
0,2024,0.93126,0.0817883,0.559069,0.0671738
0,2024,0.931369,0.524143,0.476516,0.952414
0,2024,0.932524,0.64556,0.279661,0.180968
0,2024,0.934318,0.467214,0.280096,0.0538872
0,2024,0.934869,0.545153,0.208197,0.724468
0,2024,0.935821,0.707972,0.455679,0.0372648
0,2024,0.937211,0.672406,0.553246,0.399294
0,2024,0.937847,0.431075,0.585763,0.599775
0,2024,0.937896,0.50347,0.0374033,0.495574
0,2024,0.938227,0.622655,0.595577,0.27362
0,2024,0.938277,0.691103,0.00225335,0.672791
0,2024,0.938469,0.685309,0.493021,0.383668
0,2024,0.938695,0.574788,0.515518,0.743362
0,2024,0.939189,0.501912,0.49923,0.191769
0,2024,0.939508,0.0596693,0.629708,0.917511
0,2024,0.939682,0.244279,0.182447,0.622129
0,2024,0.940626,0.165709,0.236717,0.768949
0,2024,0.941052,0.188279,0.617281,0.862199
0,2024,0.941395,0.467516,0.183577,0.590847
0,2024,0.941585,0.707518,0.568803,0.331893
0,2024,0.941731,0.655115,0.0780424,0.624662
0,2024,0.942075,0.95885,0.530793,0.897854
0,2024,0.942305,0.235315,0.498462,0.940519
0,2024,0.942349,0.00431782,0.163335,0.960525
0,2024,0.942916,0.121087,0.0930814,0.212351
0,2024,0.943436,0.797922,0.46872,0.0786104
0,2024,0.943731,0.236874,0.693549,0.955317
0,2024,0.943788,0.231988,0.0349674,0.45553
0,2024,0.94439,0.329782,0.150765,0.206536
0,2024,0.945456,0.934598,0.628993,0.529569
0,2024,0.94597,0.222066,0.0395605,0.631549
0,2024,0.946933,0.846236,0.0939002,0.79154
0,2024,0.947299,0.919287,0.569931,0.309097
0,2024,0.947786,0.605127,0.238528,0.682906
0,2024,0.947915,0.302061,0.469451,0.871516
0,2024,0.948647,0.980844,0.449221,0.840928
0,2024,0.948683,0.899269,0.407061,0.426358
0,2024,0.948696,0.0727768,0.53864,0.179969
0,2024,0.949059,0.147373,0.291778,0.199474
0,2024,0.950268,0.333885,0.0297064,0.273002
0,2024,0.95052,0.20675,0.707463,0.115693
0,2024,0.950689,0.10135,0.574324,0.389976
0,2024,0.950893,0.450468,0.207742,0.206079
0,2024,0.953409,0.689055,0.113883,0.0401607
0,2024,0.954123,0.481578,0.63045,0.512578
0,2024,0.954368,0.444523,0.599154,0.26996
0,2024,0.955324,0.605393,0.674562,0.502525
0,2024,0.957059,0.0123598,0.309816,0.390924
0,2024,0.957918,0.765679,0.0024928,0.810726
0,2024,0.957919,0.486067,0.0245838,0.699141
0,2024,0.959293,0.509348,0.488056,0.814198
0,2024,0.959976,0.597506,0.314783,0.960746
0,2024,0.960331,0.527823,0.0526334,0.964397
0,2024,0.960711,0.388273,0.0100841,0.641214
0,2024,0.96115,0.0782983,0.0499141,0.778644
0,2024,0.961418,0.695801,0.184959,0.459408
0,2024,0.961814,0.231455,0.49937,0.299423
0,2024,0.962451,0.100495,0.134632,0.994955
0,2024,0.962467,0.600594,0.245984,0.695243
0,2024,0.962551,0.603439,0.68018,0.594943
0,2024,0.962573,0.335424,0.249287,0.326719
0,2024,0.963409,0.67668,0.604574,0.909913
0,2024,0.963526,0.366076,0.0595957,0.405006
0,2024,0.96397,0.736949,0.300054,0.273619
0,2024,0.964236,0.483804,0.101542,0.081874
0,2024,0.965454,0.440172,0.685236,0.488175
0,2024,0.965915,0.396715,0.295353,0.327571
0,2024,0.965992,0.030296,0.682838,0.709701
0,2024,0.966078,0.84771,0.554413,0.47434
0,2024,0.966176,0.231522,0.448835,0.590976
0,2024,0.967019,0.625489,0.331905,0.347286
0,2024,0.967466,0.90752,0.217818,0.13551
0,2024,0.969114,0.49431,0.564737,0.396027
0,2024,0.969589,0.0965471,0.194536,0.182955
0,2024,0.969595,0.91608,0.196914,0.456071
0,2024,0.969655,0.641727,0.155415,0.549519
0,2024,0.970705,0.494498,0.353367,0.70641
0,2024,0.971058,0.909504,0.410352,0.0555289
0,2024,0.971295,0.903809,0.118465,0.279303
0,2024,0.971405,0.0377947,0.183846,0.767022
0,2024,0.972631,0.725873,0.590868,0.572854
0,2024,0.972769,0.662419,0.177551,0.508477
0,2024,0.972803,0.734051,0.485844,0.109656
0,2024,0.973299,0.180165,0.284891,0.373498
0,2024,0.973502,0.0948779,0.15713,0.136647
0,2024,0.973527,0.185051,0.299632,0.805892
0,2024,0.974317,0.267019,0.597608,0.172301
0,2024,0.974354,0.71393,0.493299,0.00976037
0,2024,0.974761,0.316693,0.436366,0.673109
0,2024,0.974879,0.40439,0.12015,0.615351
0,2024,0.975527,0.173744,0.0803543,0.442258
0,2024,0.976148,0.641523,0.421681,0.500617
0,2024,0.976279,0.385516,0.379115,0.690417
0,2024,0.976373,0.0696524,0.712257,0.440896
0,2024,0.976373,0.848027,0.318955,0.358674
0,2024,0.976825,0.803784,0.0268698,0.403647
0,2024,0.977163,0.93255,0.0336708,0.693047
0,2024,0.977541,0.653611,0.550176,0.556104
0,2024,0.977582,0.896517,0.704197,0.486764
0,2024,0.978056,0.909362,0.601633,0.143862
0,2024,0.978205,0.429363,0.233515,0.104428
0,2024,0.979506,0.429836,0.673393,0.00728147
0,2024,0.97975,0.893473,0.0881173,0.445447
0,2024,0.980437,0.375952,0.0602565,0.508762
0,2024,0.980848,0.626719,0.102599,0.5077
0,2024,0.980919,0.525626,0.148297,0.758676
0,2024,0.981111,0.690373,0.389121,0.825493
0,2024,0.981501,0.229321,0.00244402,0.889194
0,2024,0.981518,0.800502,0.551751,0.394073
0,2024,0.982561,0.298273,0.20024,0.516314
0,2024,0.98383,0.334378,0.385125,0.843296
0,2024,0.984253,0.166391,0.103155,0.747102
0,2024,0.984654,0.332035,0.0941154,0.625964
0,2024,0.98472,0.196904,0.570339,0.944421
0,2024,0.984743,0.625777,0.384647,0.0613831
0,2024,0.984994,0.357015,0.53896,0.64584
0,2024,0.985078,0.432965,0.151689,0.953219
0,2024,0.985694,0.738372,0.269196,0.82667
0,2024,0.986017,0.898087,0.461682,0.617917
0,2024,0.986073,0.562861,0.243687,0.869158
0,2024,0.986234,0.475173,0.671797,0.622729
0,2024,0.986343,0.145653,0.616675,0.153324
0,2024,0.986489,0.898663,0.659555,0.857889
0,2024,0.990093,0.841008,0.35696,0.963675
0,2024,0.990378,0.918137,0.298118,0.3509
0,2024,0.991084,0.215159,0.0961348,0.319115
0,2024,0.991399,0.410112,0.209083,0.94257
0,2024,0.99167,0.0369522,0.335487,0.790286
0,2024,0.991977,0.416857,0.0795593,0.0915028
0,2024,0.992723,0.584124,0.563961,0.718011
0,2024,0.993082,0.968635,0.635318,0.25652
0,2024,0.993174,0.187619,0.00301395,0.95716
0,2024,0.993257,0.400833,0.678788,0.835684
0,2024,0.993994,0.351211,0.680822,0.749761
0,2024,0.994118,0.931048,0.141538,0.803043
0,2024,0.994284,0.256404,0.399518,0.410236
0,2024,0.994695,0.712327,0.0903837,0.215981
0,2024,0.994942,0.290521,0.0976948,0.400321
0,2024,0.994978,0.623933,0.404223,0.123984
0,2024,0.995012,0.10159,0.347668,0.880406
0,2024,0.995338,0.649905,0.0669429,0.52304
0,2024,0.995494,0.367388,0.0496061,0.80142
0,2024,0.997113,0.714877,0.686491,0.997285
0,2024,0.997304,0.747252,0.417848,0.61549
0,2024,0.997329,0.35098,0.215766,0.468837
0,2024,0.999212,0.592032,0.655965,0.956404
0,2024,0.999608,0.550044,0.621445,0.0481721
0,2024,0.999657,0.0656974,0.505857,0.943824
0,2024,1,0.542831,0.235031,0.0970228
